Tm (UTC),Qnet,Qnet_clean,lowpass
2012-12-12 17:00:00,-68.42880386835094,-68.42880386835094,
2012-12-12 18:00:00,13.789629885618945,13.789629885618945,
2012-12-12 19:00:00,78.10677310558935,78.10677310558935,
2012-12-12 20:00:00,71.01990754913496,71.01990754913496,
2012-12-12 21:00:00,149.93208930757578,149.93208930757578,
2012-12-12 22:00:00,139.3189768356492,139.3189768356492,
2012-12-12 23:00:00,43.75384496331685,43.75384496331685,
2012-12-13 00:00:00,-48.146754308529,-48.146754308529,
2012-12-13 01:00:00,-120.58638283486079,-120.58638283486079,
2012-12-13 02:00:00,-112.482727738808,-112.482727738808,
2012-12-13 03:00:00,-132.0192086997456,-132.0192086997456,
2012-12-13 04:00:00,-139.58420608036332,-139.58420608036332,
2012-12-13 05:00:00,-145.03553256592232,-145.03553256592232,
2012-12-13 06:00:00,-144.24993327270386,-144.24993327270386,
2012-12-13 07:00:00,-149.30431870745699,-149.30431870745699,
2012-12-13 08:00:00,-125.39889191875292,-125.39889191875292,
2012-12-13 09:00:00,-130.85749888896083,-130.85749888896083,
2012-12-13 10:00:00,-130.51224028712554,-130.51224028712554,
2012-12-13 11:00:00,-129.52232011698285,-129.52232011698285,-84.85540127614108
2012-12-13 12:00:00,-135.58558697875023,-135.58558697875023,-82.81697591919692
2012-12-13 13:00:00,-139.36966410974998,-139.36966410974998,-80.46205847437037
2012-12-13 14:00:00,-144.23862591360347,-144.23862591360347,-77.8540825723783
2012-12-13 15:00:00,-173.19743342545166,-173.19743342545166,-75.06860811391448
2012-12-13 16:00:00,-182.02043117574544,-182.02043117574544,-72.1897491495434
2012-12-13 17:00:00,-132.55568192103948,-132.55568192103948,-69.30598864259971
2012-12-13 18:00:00,-13.47788340325776,-13.47788340325776,-66.50561677472234
2012-12-13 19:00:00,94.53820353621273,94.53820353621273,-63.87209824723323
2012-12-13 20:00:00,159.36568880677754,159.36568880677754,-61.47972941624552
2012-12-13 21:00:00,175.10012367754484,175.10012367754484,-59.38996157766535
2012-12-13 22:00:00,128.2301269800992,128.2301269800992,-57.64872086057868
2012-12-13 23:00:00,22.83828043143161,22.83828043143161,-56.28494599968803
2012-12-14 00:00:00,-87.15017397564525,-87.15017397564525,-55.31041375830944
2012-12-14 01:00:00,-154.4040759869626,-154.4040759869626,-54.72076439754857
2012-12-14 02:00:00,-107.34570112810172,-107.34570112810172,-54.497514862825206
2012-12-14 03:00:00,-98.39748651786087,-98.39748651786087,-54.610780774690504
2012-12-14 04:00:00,-89.63379157010746,-89.63379157010746,-55.02242125163936
2012-12-14 05:00:00,-83.83715384118752,-83.83715384118752,-55.6893525647501
2012-12-14 06:00:00,-73.66744305988212,-73.66744305988212,-56.5668213077724
2012-12-14 07:00:00,-81.81203403600114,-81.81203403600114,-57.611468540188504
2012-12-14 08:00:00,-81.13999571417078,-81.13999571417078,-58.78404881520625
2012-12-14 09:00:00,-90.42058517717385,-90.42058517717385,-60.05169375392094
2012-12-14 10:00:00,-93.3399547396124,-93.3399547396124,-61.38963180083827
2012-12-14 11:00:00,-108.12285499797412,-108.12285499797412,-62.78229695301672
2012-12-14 12:00:00,-74.03153323203276,-74.03153323203276,-64.22378200094343
2012-12-14 13:00:00,-103.36950401253019,-103.36950401253019,-65.71761720347045
2012-12-14 14:00:00,-135.36185416768583,-135.36185416768583,-67.2758826312297
2012-12-14 15:00:00,-139.43924074378492,-139.43924074378492,-68.91769068027229
2012-12-14 16:00:00,-165.7873661482101,-165.7873661482101,-70.66710635548549
2012-12-14 17:00:00,-115.11357873124192,-115.11357873124192,-72.55061181841624
2012-12-14 18:00:00,-14.034178620852401,-14.034178620852401,-74.59427124726655
2012-12-14 19:00:00,29.599812166316966,29.599812166316966,-76.82080647949213
2012-12-14 20:00:00,92.19551553371349,92.19551553371349,-79.24683678004072
2012-12-14 21:00:00,63.42033353294562,63.42033353294562,-81.88054629039438
2012-12-14 22:00:00,-22.319805136629462,-22.319805136629462,-84.72000651823704
2012-12-14 23:00:00,-38.915979041120465,-38.915979041120465,-87.7523021599547
2012-12-15 00:00:00,-84.1754502439184,-84.1754502439184,-90.9535072813466
2012-12-15 01:00:00,-131.6082868778207,-131.6082868778207,-94.28946252306206
2012-12-15 02:00:00,-113.25599262373173,-113.25599262373173,-97.7172325055695
2012-12-15 03:00:00,-96.49964256256173,-96.49964256256173,-101.18708253588369
2012-12-15 04:00:00,-99.73780395692509,-99.73780395692509,-104.64480064782218
2012-12-15 05:00:00,-157.11786405783164,-157.11786405783164,-108.03419433566334
2012-12-15 06:00:00,-154.05089098507943,-154.05089098507943,-111.2996001634308
2012-12-15 07:00:00,-172.84487245271742,-172.84487245271742,-114.38825467447006
2012-12-15 08:00:00,-184.31018311919462,-184.31018311919462,-117.25239082009315
2012-12-15 09:00:00,-126.89574072961857,-126.89574072961857,-119.85095078243914
2012-12-15 10:00:00,-144.97271084212406,-144.97271084212406,-122.15084318019507
2012-12-15 11:00:00,-153.7912036414524,-153.7912036414524,-124.12771377151759
2012-12-15 12:00:00,-124.17971803120028,-124.17971803120028,-125.76623591414956
2012-12-15 13:00:00,-117.72026334173827,-117.72026334173827,-127.05995574835538
2012-12-15 14:00:00,-112.8811806521706,-112.8811806521706,-128.01074734406865
2012-12-15 15:00:00,-127.30716400093232,-127.30716400093232,-128.62794566451254
2012-12-15 16:00:00,-136.65127611470763,-136.65127611470763,-128.9272298772095
2012-12-15 17:00:00,-145.59524333521242,-145.59524333521242,-128.92932773021684
2012-12-15 18:00:00,-149.4705746494911,-149.4705746494911,-128.6586080388368
2012-12-15 19:00:00,-140.71044993507604,-140.71044993507604,-128.14162796422306
2012-12-15 20:00:00,-87.17938623896327,-87.17938623896327,-127.40570706217298
2012-12-15 21:00:00,-79.70060567938296,-79.70060567938296,-126.47760893842101
2012-12-15 22:00:00,-61.839782526840175,-61.839782526840175,-125.38241725229541
2012-12-15 23:00:00,-88.37156236587107,-88.37156236587107,-124.14268754462836
2012-12-16 00:00:00,-113.31316441098429,-113.31316441098429,-122.77793548730686
2012-12-16 01:00:00,-98.10703421166333,-98.10703421166333,-121.3044890249567
2012-12-16 02:00:00,-105.3840930772852,-105.3840930772852,-119.73569569833636
2012-12-16 03:00:00,-104.73721688339592,-104.73721688339592,-118.08244558374406
2012-12-16 04:00:00,-124.68582630005815,-124.68582630005815,-116.35394742660736
2012-12-16 05:00:00,-143.04935413000743,-143.04935413000743,-114.5586790961049
2012-12-16 06:00:00,-159.49429078194862,-159.49429078194862,-112.70542264870033
2012-12-16 07:00:00,-123.61720454852525,-123.61720454852525,-110.80429137965461
2012-12-16 08:00:00,-117.65796896039868,-117.65796896039868,-108.8676639849196
2012-12-16 09:00:00,-113.60200175215903,-113.60200175215903,-106.91095813633777
2012-12-16 10:00:00,-129.24310693547824,-129.24310693547824,-104.9531964518228
2012-12-16 11:00:00,-113.32999955737112,-113.32999955737112,-103.01733587110144
2012-12-16 12:00:00,-100.62668074528543,-100.62668074528543,-101.13034523264724
2012-12-16 13:00:00,-96.38284593067891,-96.38284593067891,-99.3230273951983
2012-12-16 14:00:00,-99.31617013485348,-99.31617013485348,-97.62959258597603
2012-12-16 15:00:00,-108.31565855383413,-108.31565855383413,-96.08699744200254
2012-12-16 16:00:00,-109.67048776025561,-109.67048776025561,-94.73406860464878
2012-12-16 17:00:00,-105.3882269059541,-105.3882269059541,-93.61043255549392
2012-12-16 18:00:00,-95.66911686012048,-95.66911686012048,-92.75527765939948
2012-12-16 19:00:00,-108.44242367483137,-108.44242367483137,-92.2059815209733
2012-12-16 20:00:00,-71.69911219191779,-71.69911219191779,-91.9966456999046
2012-12-16 21:00:00,-115.66076358672085,-115.66076358672085,-92.15658838712136
2012-12-16 22:00:00,-158.04060989899546,-158.04060989899546,-92.70885242480544
2012-12-16 23:00:00,-111.50925291724178,-111.50925291724178,-93.66879231139868
2012-12-17 00:00:00,-74.0964459310652,-74.0964459310652,-95.04281394654339
2012-12-17 01:00:00,-17.138724827942298,-17.138724827942298,-96.827357721843
2012-12-17 02:00:00,2.397571603222307,2.397571603222307,-99.00823316391086
2012-12-17 03:00:00,-4.8946533988041026,-4.8946533988041026,-101.56041713664813
2012-12-17 04:00:00,-35.82379330766649,-35.82379330766649,-104.4484049068345
2012-12-17 05:00:00,-61.88578175041853,-61.88578175041853,-107.62715296831256
2012-12-17 06:00:00,-111.8186876389928,-111.8186876389928,-111.04358510743461
2012-12-17 07:00:00,-146.22182419723364,-146.22182419723364,-114.6385648429095
2012-12-17 08:00:00,-155.85651791655275,-155.85651791655275,-118.34918257469607
2012-12-17 09:00:00,-193.1211227075806,-193.1211227075806,-122.11117370425357
2012-12-17 10:00:00,-166.94090127415078,-166.94090127415078,-125.86127755091036
2012-12-17 11:00:00,-166.51876326426031,-166.51876326426031,-129.53936330387475
2012-12-17 12:00:00,-179.00130719459585,-179.00130719459585,-133.0901816863204
2012-12-17 13:00:00,-167.67289317002246,-167.67289317002246,-136.46464099789722
2012-12-17 14:00:00,-199.88860482885048,-199.88860482885048,-139.6205467816192
2012-12-17 15:00:00,-243.9072900123258,-243.9072900123258,-142.52278293351236
2012-12-17 16:00:00,-249.2657168499144,-249.2657168499144,-145.14295117268978
2012-12-17 17:00:00,-166.60125249293318,-166.60125249293318,-147.4585312930963
2012-12-17 18:00:00,-115.2986269531568,-115.2986269531568,-149.45168057117837
2012-12-17 19:00:00,-46.037327678291575,-46.037327678291575,-151.10785159200702
2012-12-17 20:00:00,19.997055221840757,19.997055221840757,-152.41445599007875
2012-12-17 21:00:00,11.795753366878518,11.795753366878518,-153.35981575673804
2012-12-17 22:00:00,-30.525842329303217,-30.525842329303217,-153.93261051160638
2012-12-17 23:00:00,-114.84704500699601,-114.84704500699601,-154.12194983342144
2012-12-18 00:00:00,-171.0150985646611,-171.0150985646611,-153.91809109590812
2012-12-18 01:00:00,-228.45452852549442,-228.45452852549442,-153.31371269064434
2012-12-18 02:00:00,-168.20261187034833,-168.20261187034833,-152.30556775916222
2012-12-18 03:00:00,-201.60517185792878,-201.60517185792878,-150.8963005487164
2012-12-18 04:00:00,-219.06343559590735,-219.06343559590735,-149.09620468114971
2012-12-18 05:00:00,-217.2957711374271,-217.2957711374271,-146.9247263271865
2012-12-18 06:00:00,-150.4589012643056,-150.4589012643056,-144.41155210809535
2012-12-18 07:00:00,-178.8957764263986,-178.8957764263986,-141.59716484984364
2012-12-18 08:00:00,-167.71868240096438,-167.71868240096438,-138.5327957561409
2012-12-18 09:00:00,-173.34303277010434,-173.34303277010434,-135.27974317199875
2012-12-18 10:00:00,-168.15693759622502,-168.15693759622502,-131.90806240529648
2012-12-18 11:00:00,-154.59669714896236,-154.59669714896236,-128.49466041052113
2012-12-18 12:00:00,-146.2978983243318,-146.2978983243318,-125.12085766489155
2012-12-18 13:00:00,-131.68591207570654,-131.68591207570654,-121.86950840711006
2012-12-18 14:00:00,-132.30489146127152,-132.30489146127152,-118.82179765397477
2012-12-18 15:00:00,-118.7861760212169,-118.7861760212169,-116.05385663117268
2012-12-18 16:00:00,-120.62296719158107,-120.62296719158107,-113.63335627144428
2012-12-18 17:00:00,-109.16118537598499,-109.16118537598499,-111.61625153525314
2012-12-18 18:00:00,-46.310240142653626,-46.310240142653626,-110.04385822303769
2012-12-18 19:00:00,-29.37492234659011,-29.37492234659011,-108.94044789530864
2012-12-18 20:00:00,-2.346091365720053,-2.346091365720053,-108.31154121360726
2012-12-18 21:00:00,-16.741685410604333,-16.741685410604333,-108.14305831388513
2012-12-18 22:00:00,19.79934578838587,19.79934578838587,-108.40144140271285
2012-12-18 23:00:00,-23.94631547132967,-23.94631547132967,-109.03480039732436
2012-12-19 00:00:00,-107.70950046273806,-107.70950046273806,-109.97505327117567
2012-12-19 01:00:00,-199.7597667272914,-199.7597667272914,-111.14094845159892
2012-12-19 02:00:00,-130.58689575405742,-130.58689575405742,-112.44178157720663
2012-12-19 03:00:00,-125.83663262891832,-125.83663262891832,-113.7815704887037
2012-12-19 04:00:00,-142.66897560852883,-142.66897560852883,-115.06343943562851
2012-12-19 05:00:00,-148.01579106828177,-148.01579106828177,-116.19397784082864
2012-12-19 06:00:00,-155.57942418123162,-155.57942418123162,-117.0873633408332
2012-12-19 07:00:00,-154.69075056703238,-154.69075056703238,-117.66906291654999
2012-12-19 08:00:00,-170.34011090519382,-170.34011090519382,-117.87895006163814
2012-12-19 09:00:00,-179.06220708603493,-179.06220708603493,-117.67370345792409
2012-12-19 10:00:00,-189.85556709055803,-189.85556709055803,-117.02838513351666
2012-12-19 11:00:00,-169.40508240259223,-169.40508240259223,-115.93713439925266
2012-12-19 12:00:00,-156.3343219258451,-156.3343219258451,-114.41295866060045
2012-12-19 13:00:00,-154.69231396499285,-154.69231396499285,-112.48665219483487
2012-12-19 14:00:00,-138.89996707600048,-138.89996707600048,-110.20492503729866
2012-12-19 15:00:00,-111.11445892600857,-111.11445892600857,-107.62787134897526
2012-12-19 16:00:00,-69.53927029336337,-69.53927029336337,-104.82594669869947
2012-12-19 17:00:00,-48.34898987925071,-48.34898987925071,-101.87665394018661
2012-12-19 18:00:00,-33.74830816131107,-33.74830816131107,-98.86115370436588
2012-12-19 19:00:00,-14.32421091940654,-14.32421091940654,-95.86101327683731
2012-12-19 20:00:00,-21.13683759388447,-21.13683759388447,-92.9552848499062
2012-12-19 21:00:00,-29.29302161875346,-29.29302161875346,-90.2180632283133
2012-12-19 22:00:00,-35.7005316168002,-35.7005316168002,-87.71661950905856
2012-12-19 23:00:00,-28.745930516734884,-28.745930516734884,-85.5101477627601
2012-12-20 00:00:00,-42.35840374616293,-42.35840374616293,-83.64910255456216
2012-12-20 01:00:00,-176.3915212918745,-176.3915212918745,-82.17505062561335
2012-12-20 02:00:00,-140.07885971008358,-140.07885971008358,-81.12091439148797
2012-12-20 03:00:00,-143.65571719104858,-143.65571719104858,-80.51145612258198
2012-12-20 04:00:00,-115.03364819082562,-115.03364819082562,-80.3638495500553
2012-12-20 05:00:00,-110.53462354366191,-110.53462354366191,-80.68821170515511
2012-12-20 06:00:00,-96.35442041651868,-96.35442041651868,-81.48801071110779
2012-12-20 07:00:00,-81.76967396530162,-81.76967396530162,-82.76030941608647
2012-12-20 08:00:00,-64.33366006506373,-64.33366006506373,-84.49584040532164
2012-12-20 09:00:00,-86.46612007630422,-86.46612007630422,-86.67893198540895
2012-12-20 10:00:00,-63.71874606779507,-63.71874606779507,-89.28731708969184
2012-12-20 11:00:00,-90.10667549686517,-90.10667549686517,-92.29185910488293
2012-12-20 12:00:00,-120.99189408283853,-120.99189408283853,-95.65622348021128
2012-12-20 13:00:00,-142.8223315081957,-142.8223315081957,-99.33651618925141
2012-12-20 14:00:00,-163.1674287019862,-163.1674287019862,-103.28090543085024
2012-12-20 15:00:00,-170.2578790037166,-170.2578790037166,-107.42924784785453
2012-12-20 16:00:00,-134.66975641389976,-134.66975641389976,-111.71275959616186
2012-12-20 17:00:00,-120.07368529873366,-120.07368529873366,-116.05380519665708
2012-12-20 18:00:00,-84.96905226190307,-84.96905226190307,-120.36591641045456
2012-12-20 19:00:00,15.429144048482332,15.429144048482332,-124.5541881999934
2012-12-20 20:00:00,0.7268734021548457,0.7268734021548457,-128.51621655151507
2012-12-20 21:00:00,11.809558503319142,11.809558503319142,-132.14373184431872
2012-12-20 22:00:00,-16.092666471568496,-16.092666471568496,-135.32503416536508
2012-12-20 23:00:00,-70.39866356404366,-70.39866356404366,-137.94825557659016
2012-12-21 00:00:00,-96.40970037042777,-96.40970037042777,-139.90537203279456
2012-12-21 01:00:00,-185.68263180748428,-185.68263180748428,-141.09678335121333
2012-12-21 02:00:00,-222.57955516210808,-222.57955516210808,-141.43619126496293
2012-12-21 03:00:00,-226.11725104523094,-226.11725104523094,-140.85544702314382
2012-12-21 04:00:00,-245.84835655464957,-245.84835655464957,-139.30901978485824
2012-12-21 05:00:00,-241.07196128820163,-241.07196128820163,-136.77775622171131
2012-12-21 06:00:00,-223.6130309054351,-223.6130309054351,-133.27165316880541
2012-12-21 07:00:00,-214.56739572190463,-214.56739572190463,-128.8314373851743
2012-12-21 08:00:00,-180.87900616108433,-180.87900616108433,-123.52882862809135
2012-12-21 09:00:00,-150.70755257469648,-150.70755257469648,-117.46544565487261
2012-12-21 10:00:00,-126.90120193161397,-126.90120193161397,-110.77039234026313
2012-12-21 11:00:00,-120.684531766604,-120.684531766604,-103.59662702598942
2012-12-21 12:00:00,-125.35997406984562,-125.35997406984562,-96.11626890154187
2012-12-21 13:00:00,-98.35072014768109,-98.35072014768109,-88.51503088527667
2012-12-21 14:00:00,-95.14117177811058,-95.14117177811058,-80.98599333102496
2012-12-21 15:00:00,-113.6453498156501,-113.6453498156501,-73.72295224831385
2012-12-21 16:00:00,-115.50599402605619,-115.50599402605619,-66.91359320976966
2012-12-21 17:00:00,-80.15817798730784,-80.15817798730784,-60.732760262173414
2012-12-21 18:00:00,21.311008118673495,21.311008118673495,-55.33611039921643
2012-12-21 19:00:00,129.27764590732255,129.27764590732255,-50.854466758829474
2012-12-21 20:00:00,184.3964702267923,184.3964702267923,-47.389195413769244
2012-12-21 21:00:00,178.41380578638052,178.41380578638052,-45.00890971390548
2012-12-21 22:00:00,95.31213650346277,95.31213650346277,-43.74773375624721
2012-12-21 23:00:00,7.399339320628153,7.399339320628153,-43.605231861030724
2012-12-22 00:00:00,-65.02740792599144,-65.02740792599144,-44.54795630558738
2012-12-22 01:00:00,-151.61476901727798,-151.61476901727798,-46.512417270150046
2012-12-22 02:00:00,-117.53865340099249,-117.53865340099249,-49.40917038761188
2012-12-22 03:00:00,-108.61924386409251,-108.61924386409251,-53.127665946562686
2012-12-22 04:00:00,-130.29559803828647,-130.29559803828647,-57.541507141948316
2012-12-22 05:00:00,-115.77821700467149,-115.77821700467149,-62.51380508034107
2012-12-22 06:00:00,-99.42039462307201,-99.42039462307201,-67.9023741400572
2012-12-22 07:00:00,-104.75155732255648,-104.75155732255648,-73.56456828118075
2012-12-22 08:00:00,-110.40902024089571,-110.40902024089571,-79.36161078355472
2012-12-22 09:00:00,-103.7013543354006,-103.7013543354006,-85.16231421094511
2012-12-22 10:00:00,-109.36101117169855,-109.36101117169855,-90.84612351278219
2012-12-22 11:00:00,-116.10374156113042,-116.10374156113042,-96.30544436062235
2012-12-22 12:00:00,-121.73801502184429,-121.73801502184429,-101.44724296927501
2012-12-22 13:00:00,-126.93330233624485,-126.93330233624485,-106.19392421093092
2012-12-22 14:00:00,-138.4821291750615,-138.4821291750615,-110.4835132129543
2012-12-22 15:00:00,-179.76629004120028,-179.76629004120028,-114.26918357473555
2012-12-22 16:00:00,-192.93586451293248,-192.93586451293248,-117.51819515017405
2012-12-22 17:00:00,-162.8269955475906,-162.8269955475906,-120.21032959496357
2012-12-22 18:00:00,-128.62233697579524,-128.62233697579524,-122.33594617947365
2012-12-22 19:00:00,-57.86050726404167,-57.86050726404167,-123.89382264463413
2012-12-22 20:00:00,-11.799794638805551,-11.799794638805551,-124.88898651401698
2012-12-22 21:00:00,61.89664789222109,61.89664789222109,-125.33076526078797
2012-12-22 22:00:00,7.195437275680609,7.195437275680609,-125.23127341565237
2012-12-22 23:00:00,-46.446807595985184,-46.446807595985184,-124.60450279822167
2012-12-23 00:00:00,-134.08282750520692,-134.08282750520692,-123.46609339519787
2012-12-23 01:00:00,-146.12077233663283,-146.12077233663283,-121.83375706434629
2012-12-23 02:00:00,-139.0564954748477,-139.0564954748477,-119.72823250421432
2012-12-23 03:00:00,-149.0607427897029,-149.0607427897029,-117.1745893832951
2012-12-23 04:00:00,-162.3595543608339,-162.3595543608339,-114.20367635960427
2012-12-23 05:00:00,-152.21313449237553,-152.21313449237553,-110.8535120513388
2012-12-23 06:00:00,-147.26374454953668,-147.26374454953668,-107.17043778238701
2012-12-23 07:00:00,-145.45970193387433,-145.45970193387433,-103.20987913848957
2012-12-23 08:00:00,-146.41285148819998,-146.41285148819998,-99.03659675726264
2012-12-23 09:00:00,-149.01635291915866,-149.01635291915866,-94.72434290318202
2012-12-23 10:00:00,-144.68586528874732,-144.68586528874732,-90.35487788465589
2012-12-23 11:00:00,-129.25748452436062,-129.25748452436062,-86.01633960086626
2012-12-23 12:00:00,-108.76275592465981,-108.76275592465981,-81.80100110311295
2012-12-23 13:00:00,-92.65967137278605,-92.65967137278605,-77.802493901772
2012-12-23 14:00:00,-81.08076920615522,-81.08076920615522,-74.11261542685196
2012-12-23 15:00:00,-74.86914414522352,-74.86914414522352,-70.81787336343649
2012-12-23 16:00:00,-71.00231199808977,-71.00231199808977,-67.99594489591784
2012-12-23 17:00:00,-79.84460175316984,-79.84460175316984,-65.7122453415072
2012-12-23 18:00:00,-16.761119772052965,-16.761119772052965,-64.01681044244413
2012-12-23 19:00:00,32.472381804733914,32.472381804733914,-62.94170152692082
2012-12-23 20:00:00,88.25024169755412,88.25024169755412,-62.49914045729985
2012-12-23 21:00:00,118.9541630938162,118.9541630938162,-62.680562872517065
2012-12-23 22:00:00,47.93226876673397,47.93226876673397,-63.45673181838301
2012-12-23 23:00:00,-14.327095157680555,-14.327095157680555,-64.77897363854606
2012-12-24 00:00:00,-87.54384651429169,-87.54384651429169,-66.58149235994503
2012-12-24 01:00:00,-134.43960733003925,-134.43960733003925,-68.78461030780524
2012-12-24 02:00:00,-128.52236403708363,-128.52236403708363,-71.29869805202851
2012-12-24 03:00:00,-124.9624294759548,-124.9624294759548,-74.0285134146159
2012-12-24 04:00:00,-118.42244845401578,-118.42244845401578,-76.8776680571049
2012-12-24 05:00:00,-116.02500749685235,-116.02500749685235,-79.75296860086657
2012-12-24 06:00:00,-110.34991321478424,-110.34991321478424,-82.56842072479925
2012-12-24 07:00:00,-104.58835814033327,-104.58835814033327,-85.24872693665453
2012-12-24 08:00:00,-104.4324828389695,-104.4324828389695,-87.7321460925275
2012-12-24 09:00:00,-111.9129188626541,-111.9129188626541,-89.97261386508377
2012-12-24 10:00:00,-149.83365313914385,-149.83365313914385,-91.9410487203873
2012-12-24 11:00:00,-161.8323199332311,-161.8323199332311,-93.6257898947956
2012-12-24 12:00:00,-157.95834017157847,-157.95834017157847,-95.03213727280793
2012-12-24 13:00:00,-163.10842960898606,-163.10842960898606,-96.18099393610463
2012-12-24 14:00:00,-165.82547524967475,-165.82547524967475,-97.1066537455792
2012-12-24 15:00:00,-143.44336229780882,-143.44336229780882,-97.85382704027167
2012-12-24 16:00:00,-123.5017376143885,-123.5017376143885,-98.47405279885338
2012-12-24 17:00:00,-84.47330485108702,-84.47330485108702,-99.0217002348799
2012-12-24 18:00:00,-28.667285352319713,-28.667285352319713,-99.54981081897951
2012-12-24 19:00:00,20.805661936221163,20.805661936221163,-100.10606533016889
2012-12-24 20:00:00,23.530308562678535,23.530308562678535,-100.72917061794011
2012-12-24 21:00:00,8.658106229487723,8.658106229487723,-101.44593953418254
2012-12-24 22:00:00,56.58557142916558,56.58557142916558,-102.26928280596378
2012-12-24 23:00:00,-45.89584070541375,-45.89584070541375,-103.19724936178822
2012-12-25 00:00:00,-102.37826576648929,-102.37826576648929,-104.2131533873678
2012-12-25 01:00:00,-142.96278032894438,-142.96278032894438,-105.28672646509938
2012-12-25 02:00:00,-172.51359797093903,-172.51359797093903,-106.37614838232369
2012-12-25 03:00:00,-112.60318074443036,-112.60318074443036,-107.43075658274373
2012-12-25 04:00:00,-105.5915700167622,-105.5915700167622,-108.39421779334373
2012-12-25 05:00:00,-98.09411899625681,-98.09411899625681,-109.20795690678906
2012-12-25 06:00:00,-115.06845575922694,-115.06845575922694,-109.81465947534717
2012-12-25 07:00:00,-143.83032336498394,-143.83032336498394,-110.16168015518477
2012-12-25 08:00:00,-159.95884765764885,-159.95884765764885,-110.20419660951566
2012-12-25 09:00:00,-158.24786008069444,-158.24786008069444,-109.90795339056042
2012-12-25 10:00:00,-168.26798303576373,-168.26798303576373,-109.25145232981919
2012-12-25 11:00:00,-168.57484170978023,-168.57484170978023,-108.22746997614856
2012-12-25 12:00:00,-152.71075494929752,-152.71075494929752,-106.84381801671036
2012-12-25 13:00:00,-151.81433510674248,-151.81433510674248,-105.12330570086935
2012-12-25 14:00:00,-134.31539320496717,-134.31539320496717,-103.10290988161874
2012-12-25 15:00:00,-123.5399770410365,-123.5399770410365,-100.83220450046518
2012-12-25 16:00:00,-112.6018438629459,-112.6018438629459,-98.37114378017685
2012-12-25 17:00:00,-96.371092906788,-96.371092906788,-95.78732958673045
2012-12-25 18:00:00,-77.37596096217233,-77.37596096217233,-93.15292185902558
2012-12-25 19:00:00,-68.8652373567968,-68.8652373567968,-90.54137069889264
2012-12-25 20:00:00,-34.454888291112034,-34.454888291112034,-88.02415875436509
2012-12-25 21:00:00,-4.428733724372298,-4.428733724372298,-85.66774173886938
2012-12-25 22:00:00,-21.282981944858772,-21.282981944858772,-83.53086158906046
2012-12-25 23:00:00,22.70589131333638,22.70589131333638,-81.66237887519985
2012-12-26 00:00:00,-30.582068677833796,-30.582068677833796,-80.09972795388708
2012-12-26 01:00:00,-88.91846936100907,-88.91846936100907,-78.8680426997886
2012-12-26 02:00:00,-101.82897609570988,-101.82897609570988,-77.97993981922812
2012-12-26 03:00:00,-95.11807208459584,-95.11807208459584,-77.43589251561971
2012-12-26 04:00:00,-88.62127515357635,-88.62127515357635,-77.22509166824646
2012-12-26 05:00:00,-87.63369420496987,-87.63369420496987,-77.3266791953625
2012-12-26 06:00:00,-97.79637019157902,-97.79637019157902,-77.7112429422241
2012-12-26 07:00:00,-71.32925171861586,-71.32925171861586,-78.34247422419763
2012-12-26 08:00:00,-70.59966526308206,-70.59966526308206,-79.17890137999406
2012-12-26 09:00:00,-105.68300032537093,-105.68300032537093,-80.17562278477601
2012-12-26 10:00:00,-111.4216216716992,-111.4216216716992,-81.28596987405523
2012-12-26 11:00:00,-104.19690283590162,-104.19690283590162,-82.46303597378456
2012-12-26 12:00:00,-105.5679219292357,-105.5679219292357,-83.66101404655615
2012-12-26 13:00:00,-113.51615934434889,-113.51615934434889,-84.83629943801279
2012-12-26 14:00:00,-137.80004047664255,-137.80004047664255,-85.94833215210409
2012-12-26 15:00:00,-117.39290967042396,-117.39290967042396,-86.96017488631574
2012-12-26 16:00:00,-68.58570324154098,-68.58570324154098,-87.838847332802
2012-12-26 17:00:00,-61.44600772563482,-61.44600772563482,-88.55546362757859
2012-12-26 18:00:00,-51.95317261648591,-51.95317261648591,-89.08524373485382
2012-12-26 19:00:00,-38.75929421230872,-38.75929421230872,-89.40748276561033
2012-12-26 20:00:00,-21.078712705511055,-21.078712705511055,-89.50555889404713
2012-12-26 21:00:00,-68.48589035915782,-68.48589035915782,-89.36704081194083
2012-12-26 22:00:00,-79.09492973413818,-79.09492973413818,-88.98392377162925
2012-12-26 23:00:00,-93.89299559603376,-93.89299559603376,-88.35298551882566
2012-12-27 00:00:00,-111.59570314995312,-111.59570314995312,-87.47621813075214
2012-12-27 01:00:00,-128.2790298277731,-128.2790298277731,-86.36126706193699
2012-12-27 02:00:00,-108.96091011544922,-108.96091011544922,-85.02179883158195
2012-12-27 03:00:00,-102.55743888222213,-102.55743888222213,-83.47772354479349
2012-12-27 04:00:00,-98.98365830422463,-98.98365830422463,-81.75521448290255
2012-12-27 05:00:00,-101.82840832536472,-101.82840832536472,-79.88648887928231
2012-12-27 06:00:00,-89.78394008584931,-89.78394008584931,-77.90933620958755
2012-12-27 07:00:00,-69.13028432515718,-69.13028432515718,-75.86639994495886
2012-12-27 08:00:00,-70.0769102789028,-70.0769102789028,-73.80423521975946
2012-12-27 09:00:00,-63.071098543715685,-63.071098543715685,-71.77217758717892
2012-12-27 10:00:00,-61.228132652480895,-61.228132652480895,-69.82106544739698
2012-12-27 11:00:00,-62.810964928232096,-62.810964928232096,-68.0018602379453
2012-12-27 12:00:00,-71.32747588588728,-71.32747588588728,-66.3642054645158
2012-12-27 13:00:00,-74.241492064223,-74.241492064223,-64.95496061482477
2012-12-27 14:00:00,-81.1973720441298,-81.1973720441298,-63.81674155236071
2012-12-27 15:00:00,-79.23082725944624,-79.23082725944624,-62.98649750572035
2012-12-27 16:00:00,-75.0048750752481,-75.0048750752481,-62.494157830948254
2012-12-27 17:00:00,-87.39910548943936,-87.39910548943936,-62.36138947663132
2012-12-27 18:00:00,-62.044795409409105,-62.044795409409105,-62.60051735828486
2012-12-27 19:00:00,-33.373937392463475,-33.373937392463475,-63.21367279719102
2012-12-27 20:00:00,-11.626472879276525,-11.626472879276525,-64.19224700945394
2012-12-27 21:00:00,-1.676193749220758,-1.676193749220758,-65.51673248491774
2012-12-27 22:00:00,36.879530041779475,36.879530041779475,-67.15702858483748
2012-12-27 23:00:00,-47.62330885423805,-47.62330885423805,-69.07326404572736
2012-12-28 00:00:00,-52.16668794130837,-52.16668794130837,-71.21714846270807
2012-12-28 01:00:00,-77.9227938754915,-77.9227938754915,-73.53381401702383
2012-12-28 02:00:00,-78.70650815907277,-78.70650815907277,-75.96405974565042
2012-12-28 03:00:00,-79.5334081988914,-79.5334081988914,-78.4468746561996
2012-12-28 04:00:00,-81.64660037537192,-81.64660037537192,-80.92209649680142
2012-12-28 05:00:00,-111.4756448825043,-111.4756448825043,-83.33305599381178
2012-12-28 06:00:00,-134.61159727635672,-134.61159727635672,-85.62905631513595
2012-12-28 07:00:00,-134.13059739898466,-134.13059739898466,-87.76754247854396
2012-12-28 08:00:00,-150.07371692850396,-150.07371692850396,-89.71582772368808
2012-12-28 09:00:00,-146.6334574915128,-146.6334574915128,-91.4522666809667
2012-12-28 10:00:00,-129.62689027387037,-129.62689027387037,-92.96679881241045
2012-12-28 11:00:00,-124.19725544800309,-124.19725544800309,-94.26082689873635
2012-12-28 12:00:00,-119.8010972849016,-119.8010972849016,-95.34643928080838
2012-12-28 13:00:00,-119.50360048227486,-119.50360048227486,-96.24502599771743
2012-12-28 14:00:00,-118.72306118362259,-118.72306118362259,-96.9853744397
2012-12-28 15:00:00,-114.7036312977917,-114.7036312977917,-97.60135908585039
2012-12-28 16:00:00,-103.75871680064522,-103.75871680064522,-98.12936382178752
2012-12-28 17:00:00,-97.34220623335139,-97.34220623335139,-98.60559566738814
2012-12-28 18:00:00,-55.052510139664,-55.052510139664,-99.06346537952965
2012-12-28 19:00:00,-5.279547474019202,-5.279547474019202,-99.53122112079684
2012-12-28 20:00:00,23.24966813831443,23.24966813831443,-100.03002135287896
2012-12-28 21:00:00,24.56501417989527,24.56501417989527,-100.57261487908204
2012-12-28 22:00:00,-27.356757945159806,-27.356757945159806,-101.16275257262447
2012-12-28 23:00:00,-65.21684883367712,-65.21684883367712,-101.79538643648097
2012-12-29 00:00:00,-84.52852829723489,-84.52852829723489,-102.45762744303596
2012-12-29 01:00:00,-154.68574135968066,-154.68574135968066,-103.13035154751412
2012-12-29 02:00:00,-170.6308261875032,-170.6308261875032,-103.7902797841416
2012-12-29 03:00:00,-159.81838815926076,-159.81838815926076,-104.41232317631784
2012-12-29 04:00:00,-175.9666290066087,-175.9666290066087,-104.9719789992319
2012-12-29 05:00:00,-147.37205595052123,-147.37205595052123,-105.44758816947014
2012-12-29 06:00:00,-103.66952245423448,-103.66952245423448,-105.8223051429622
2012-12-29 07:00:00,-97.95468495444703,-97.95468495444703,-106.08567978983174
2012-12-29 08:00:00,-104.90059044303817,-104.90059044303817,-106.23479382565552
2012-12-29 09:00:00,-99.26964091472975,-99.26964091472975,-106.27492418040323
2012-12-29 10:00:00,-106.86454808754111,-106.86454808754111,-106.21971992076892
2012-12-29 11:00:00,-152.07246150510912,-152.07246150510912,-106.09088238900283
2012-12-29 12:00:00,-172.9548835171421,-172.9548835171421,-105.91733773404397
2012-12-29 13:00:00,-178.5656701009004,-178.5656701009004,-105.73389500853754
2012-12-29 14:00:00,-176.41806953591293,-176.41806953591293,-105.57939897961344
2012-12-29 15:00:00,-159.76295533614564,-159.76295533614564,-105.49441925325324
2012-12-29 16:00:00,-148.2788220141539,-148.2788220141539,-105.51856456854966
2012-12-29 17:00:00,-106.07912854615654,-106.07912854615654,-105.68756592509206
2012-12-29 18:00:00,-25.228329890198324,-25.228329890198324,-106.0303252100821
2012-12-29 19:00:00,15.936749407175924,15.936749407175924,-106.56616726435912
2012-12-29 20:00:00,-3.288147402829832,-3.288147402829832,-107.30255165918807
2012-12-29 21:00:00,19.542307144598773,19.542307144598773,-108.23348557962862
2012-12-29 22:00:00,-18.654702244226932,-18.654702244226932,-109.33882834916064
2012-12-29 23:00:00,-45.53305923201824,-45.53305923201824,-110.58459957387213
2012-12-30 00:00:00,-58.22873563553344,-58.22873563553344,-111.92431148847099
2012-12-30 01:00:00,-125.84888576268777,-125.84888576268777,-113.30125628458515
2012-12-30 02:00:00,-124.21619599527477,-124.21619599527477,-114.65160192535623
2012-12-30 03:00:00,-164.62226150852072,-164.62226150852072,-115.90809264546647
2012-12-30 04:00:00,-125.39451867366188,-125.39451867366188,-117.00411704578791
2012-12-30 05:00:00,-130.78498815788876,-130.78498815788876,-117.87789699952707
2012-12-30 06:00:00,-123.21701053681821,-123.21701053681821,-118.47655857951379
2012-12-30 07:00:00,-144.2004884234779,-144.2004884234779,-118.75986233870834
2012-12-30 08:00:00,-179.3114957512983,-179.3114957512983,-118.70338657872475
2012-12-30 09:00:00,-185.2110407384484,-185.2110407384484,-118.30097219325893
2012-12-30 10:00:00,-197.072259498211,-197.072259498211,-117.56625629590293
2012-12-30 11:00:00,-199.16710737782077,-199.16710737782077,-116.53315105183772
2012-12-30 12:00:00,-200.20267040482344,-200.20267040482344,-115.25516748839821
2012-12-30 13:00:00,-210.27893676400268,-210.27893676400268,-113.80354029487111
2012-12-30 14:00:00,-215.49964194976292,-215.49964194976292,-112.26417517889469
2012-12-30 15:00:00,-217.7176919882276,-217.7176919882276,-110.73351247024343
2012-12-30 16:00:00,-219.7134110983354,-219.7134110983354,-109.31347842800962
2012-12-30 17:00:00,-153.998616863589,-153.998616863589,-108.10577888727354
2012-12-30 18:00:00,-19.26491555625818,-19.26491555625818,-107.20587607122702
2012-12-30 19:00:00,92.68292986258876,92.68292986258876,-106.69706936609882
2012-12-30 20:00:00,161.21544634796777,161.21544634796777,-106.6451547854008
2012-12-30 21:00:00,170.20700839520035,170.20700839520035,-107.0941391725378
2012-12-30 22:00:00,123.05688587200842,123.05688587200842,-108.0634143074878
2012-12-30 23:00:00,22.747193405336606,22.747193405336606,-109.54665414133146
2012-12-31 00:00:00,-97.30603497941865,-97.30603497941865,-111.51250968557476
2012-12-31 01:00:00,-169.89001503279212,-169.89001503279212,-113.90697920643117
2012-12-31 02:00:00,-194.46763833483539,-194.46763833483539,-116.65716602611533
2012-12-31 03:00:00,-200.03923976595686,-200.03923976595686,-119.67603039049361
2012-12-31 04:00:00,-201.56650193553784,-201.56650193553784,-122.86770298835825
2012-12-31 05:00:00,-200.81059540868762,-200.81059540868762,-126.13294351295808
2012-12-31 06:00:00,-190.57867861214478,-190.57867861214478,-129.3743765942034
2012-12-31 07:00:00,-217.07652119974205,-217.07652119974205,-132.5012005085496
2012-12-31 08:00:00,-224.62552097230616,-224.62552097230616,-135.43313026326945
2012-12-31 09:00:00,-191.2391556597642,-191.2391556597642,-138.10340230042323
2012-12-31 10:00:00,-200.6925713480992,-200.6925713480992,-140.46073365960052
2012-12-31 11:00:00,-215.74597982242932,-215.74597982242932,-142.47019429620562
2012-12-31 12:00:00,-182.34912547906677,-182.34912547906677,-144.11301528953803
2012-12-31 13:00:00,-155.65563661675606,-155.65563661675606,-145.38541535823498
2012-12-31 14:00:00,-171.6678908490639,-171.6678908490639,-146.29658202091753
2012-12-31 15:00:00,-156.9934804978559,-156.9934804978559,-146.86598983905887
2012-12-31 16:00:00,-115.48838039264794,-115.48838039264794,-147.12027358789442
2012-12-31 17:00:00,-90.45433362119168,-90.45433362119168,-147.08989768491983
2012-12-31 18:00:00,-73.46838292235968,-73.46838292235968,-146.80587426924367
2012-12-31 19:00:00,-55.0016864868643,-55.0016864868643,-146.29677807308997
2012-12-31 20:00:00,-53.86515101468542,-53.86515101468542,-145.58628266785004
2012-12-31 21:00:00,-75.74162811469043,-75.74162811469043,-144.69139905698202
2012-12-31 22:00:00,-65.3493287575645,-65.3493287575645,-143.62153787884924
2012-12-31 23:00:00,-79.19061064172175,-79.19061064172175,-142.37844754839946
2013-01-01 00:00:00,-95.26158876360867,-95.26158876360867,-140.95700969843347
2013-01-01 01:00:00,-170.9429028878288,-170.9429028878288,-139.3468058356619
2013-01-01 02:00:00,-176.2002888092486,-176.2002888092486,-137.53430995444907
2013-01-01 03:00:00,-187.04339281288227,-187.04339281288227,-135.5055176558257
2013-01-01 04:00:00,-120.82584410809605,-120.82584410809605,-133.2488006249768
2013-01-01 05:00:00,-145.56395827841408,-145.56395827841408,-130.7577777649678
2013-01-01 06:00:00,-130.84487168466427,-130.84487168466427,-128.0340123817706
2013-01-01 07:00:00,-134.029970262503,-134.029970262503,-125.08936533943069
2013-01-01 08:00:00,-151.7886990298394,-151.7886990298394,-121.94784891712848
2013-01-01 09:00:00,-159.3477120094997,-159.3477120094997,-118.6468357518319
2013-01-01 10:00:00,-213.15530673384262,-213.15530673384262,-115.23748716604133
2013-01-01 11:00:00,-213.74850030626345,-213.74850030626345,-111.78428181415472
2013-01-01 12:00:00,-210.96166708619364,-210.96166708619364,-108.36355549040609
2013-01-01 13:00:00,-213.1132297368374,-213.1132297368374,-105.06101125422292
2013-01-01 14:00:00,-204.82389839482803,-204.82389839482803,-101.96822628374332
2013-01-01 15:00:00,-187.2856586016311,-187.2856586016311,-99.17826318517746
2013-01-01 16:00:00,-179.78713665746227,-179.78713665746227,-96.78058172833713
2013-01-01 17:00:00,-118.8035804508473,-118.8035804508473,-94.85553589186412
2013-01-01 18:00:00,5.268894879443147,5.268894879443147,-93.46882481505193
2013-01-01 19:00:00,109.876505359076,109.876505359076,-92.66633559750576
2013-01-01 20:00:00,180.28604635572066,180.28604635572066,-92.46985458891035
2013-01-01 21:00:00,195.92988371226608,195.92988371226608,-92.87411025704967
2013-01-01 22:00:00,151.41538822048372,151.41538822048372,-93.84552843107772
2013-01-01 23:00:00,60.18784508718771,60.18784508718771,-95.32293049909853
2013-01-02 00:00:00,-76.62543768668607,-76.62543768668607,-97.22020869412773
2013-01-02 01:00:00,-172.30619279900927,-172.30619279900927,-99.43080627811588
2013-01-02 02:00:00,-170.75914819196134,-170.75914819196134,-101.83365423902366
2013-01-02 03:00:00,-181.52839452433247,-181.52839452433247,-104.30010086659803
2013-01-02 04:00:00,-167.14688956473557,-167.14688956473557,-106.70132625331551
2013-01-02 05:00:00,-180.05312174851667,-180.05312174851667,-108.91574722143896
2013-01-02 06:00:00,-206.05908775372262,-206.05908775372262,-110.83596458969467
2013-01-02 07:00:00,-204.0220140621944,-204.0220140621944,-112.37486378846417
2013-01-02 08:00:00,-203.43294322699643,-203.43294322699643,-113.4705434075515
2013-01-02 09:00:00,-199.02529461503005,-199.02529461503005,-114.08981441170336
2013-01-02 10:00:00,-192.82541432866344,-192.82541432866344,-114.23008634495766
2013-01-02 11:00:00,-198.30026370967735,-198.30026370967735,-113.91953383538224
2013-01-02 12:00:00,-204.10747203727055,-204.10747203727055,-113.21551376653773
2013-01-02 13:00:00,-203.90106800180544,-203.90106800180544,-112.20127887838018
2013-01-02 14:00:00,-215.29259919122924,-215.29259919122924,-110.98110809293236
2013-01-02 15:00:00,-223.89872605048063,-223.89872605048063,-109.67404973195924
2013-01-02 16:00:00,-225.6208515062737,-225.6208515062737,-108.40655323907119
2013-01-02 17:00:00,-151.31794134075344,-151.31794134075344,-107.3043494820898
2013-01-02 18:00:00,-14.031496113342506,-14.031496113342506,-106.48402783774473
2013-01-02 19:00:00,116.36507331424014,116.36507331424014,-106.04484081527104
2013-01-02 20:00:00,192.01559898386802,192.01559898386802,-106.06132239547853
2013-01-02 21:00:00,208.71483440774074,208.71483440774074,-106.57730511096386
2013-01-02 22:00:00,167.56610540563645,167.56610540563645,-107.60184089659596
2013-01-02 23:00:00,63.51510349771603,63.51510349771603,-109.10737162049176
2013-01-03 00:00:00,-70.47398490438269,-70.47398490438269,-111.03028162587803
2013-01-03 01:00:00,-151.56764979282,-151.56764979282,-113.27373732987891
2013-01-03 02:00:00,-178.28328159292943,-178.28328159292943,-115.71252131622144
2013-01-03 03:00:00,-180.33711620389886,-180.33711620389886,-118.19943255287802
2013-01-03 04:00:00,-172.95905345842408,-172.95905345842408,-120.5727605721485
2013-01-03 05:00:00,-186.39883343942418,-186.39883343942418,-122.66433728359016
2013-01-03 06:00:00,-198.79176617112807,-198.79176617112807,-124.30770188769598
2013-01-03 07:00:00,-198.3340888039245,-198.3340888039245,-125.34596178141595
2013-01-03 08:00:00,-195.8391637930159,-195.8391637930159,-125.63898545923304
2013-01-03 09:00:00,-202.6191689746434,-202.6191689746434,-125.06962014528169
2013-01-03 10:00:00,-199.51023221638837,-199.51023221638837,-123.54868716310183
2013-01-03 11:00:00,-194.17125271106147,-194.17125271106147,-121.01857096621221
2013-01-03 12:00:00,-198.04622053986952,-198.04622053986952,-117.45528223163147
2013-01-03 13:00:00,-206.2200662874601,-206.2200662874601,-112.86894099060983
2013-01-03 14:00:00,-208.80959283669569,-208.80959283669569,-107.30269265534734
2013-01-03 15:00:00,-212.26900476684236,-212.26900476684236,-100.83013924373392
2013-01-03 16:00:00,-145.85945016748224,-145.85945016748224,-93.55144214075155
2013-01-03 17:00:00,-107.96569311820414,-107.96569311820414,-85.58833177501786
2013-01-03 18:00:00,-45.07047683905482,-45.07047683905482,-77.07833889097452
2013-01-03 19:00:00,117.04626662079062,117.04626662079062,-68.16863051218589
2013-01-03 20:00:00,172.42631093031835,172.42631093031835,-59.00987562123124
2013-01-03 21:00:00,180.3896998564302,180.3896998564302,-49.75056373247086
2013-01-03 22:00:00,28.67143822317343,28.67143822317343,-40.53214017747036
2013-01-03 23:00:00,-1.0888387982872345,-1.0888387982872345,-31.485206626291113
2013-01-04 00:00:00,1.559862564508295,1.559862564508295,-22.72689006726326
2013-01-04 01:00:00,-41.25139439212565,-41.25139439212565,-14.359348281643074
2013-01-04 02:00:00,-35.74425332364689,-35.74425332364689,-6.46928420604004
2013-01-04 03:00:00,-24.47547301575439,-24.47547301575439,0.8717093334141466
2013-01-04 04:00:00,-11.772651109596197,-11.772651109596197,7.606169729468885
2013-01-04 05:00:00,9.964942966347257,9.964942966347257,13.689339969319782
2013-01-04 06:00:00,11.635737372611985,11.635737372611985,19.087474042400334
2013-01-04 07:00:00,10.676672808538711,10.676672808538711,23.776029281901653
2013-01-04 08:00:00,5.1119581323358325,5.1119581323358325,27.737887674742666
2013-01-04 09:00:00,0.22053175412648418,0.22053175412648418,30.96173680424508
2013-01-04 10:00:00,-4.651213659647748,-4.651213659647748,33.44073025684626
2013-01-04 11:00:00,-29.65238586908565,-29.65238586908565,35.171533194937
2013-01-04 12:00:00,-23.57760403336484,-23.57760403336484,36.15383840317301
2013-01-04 13:00:00,-15.11200184337177,-15.11200184337177,36.390409534209816
2013-01-04 14:00:00,-28.11967449912014,-28.11967449912014,35.887670822805575
2013-01-04 15:00:00,-44.952033016436566,-44.952033016436566,34.65681755606889
2013-01-04 16:00:00,-52.74370592752605,-52.74370592752605,32.71537166100525
2013-01-04 17:00:00,-44.031737683516795,-44.031737683516795,30.089052976160815
2013-01-04 18:00:00,78.24438837865662,78.24438837865662,26.8137784681945
2013-01-04 19:00:00,165.9574546735683,165.9574546735683,22.937541762066004
2013-01-04 20:00:00,229.88453052206148,229.88453052206148,18.521877094317976
2013-01-04 21:00:00,253.89620302421497,253.89620302421497,13.642598237191935
2013-01-04 22:00:00,204.7250662478654,204.7250662478654,8.389545509074743
2013-01-04 23:00:00,110.41471127067635,110.41471127067635,2.865177973490183
2013-01-05 00:00:00,-13.122686177589149,-13.122686177589149,-2.8180032098330905
2013-01-05 01:00:00,-90.31518361027727,-90.31518361027727,-8.541053545795563
2013-01-05 02:00:00,-112.15492163459662,-112.15492163459662,-14.182924464514317
2013-01-05 03:00:00,-99.24095893580142,-99.24095893580142,-19.625181305713934
2013-01-05 04:00:00,-145.26751304375648,-145.26751304375648,-24.756721595556176
2013-01-05 05:00:00,-141.9578381070637,-141.9578381070637,-29.478150440623427
2013-01-05 06:00:00,-90.00665677369138,-90.00665677369138,-33.70553665432068
2013-01-05 07:00:00,-61.53802299632008,-61.53802299632008,-37.37335457061008
2013-01-05 08:00:00,-56.32172465786762,-56.32172465786762,-40.436500207193866
2013-01-05 09:00:00,-49.853152697885704,-49.853152697885704,-42.871344859253064
2013-01-05 10:00:00,-64.9076454028912,-64.9076454028912,-44.6758448915805
2013-01-05 11:00:00,-65.06952965910303,-65.06952965910303,-45.86876186449747
2013-01-05 12:00:00,-71.86608943623938,-71.86608943623938,-46.48806840521091
2013-01-05 13:00:00,-67.96454624629968,-67.96454624629968,-46.58863072658963
2013-01-05 14:00:00,-66.85481990731623,-66.85481990731623,-46.23927406985122
2013-01-05 15:00:00,-67.31436173806722,-67.31436173806722,-45.519354613912036
2013-01-05 16:00:00,-64.58264854807392,-64.58264854807392,-44.51498013112487
2013-01-05 17:00:00,-49.2535845060703,-49.2535845060703,-43.31504073734994
2013-01-05 18:00:00,-6.889578399024565,-6.889578399024565,-42.00722934319092
2013-01-05 19:00:00,58.65531515855582,58.65531515855582,-40.674246552980485
2013-01-05 20:00:00,94.28951782315164,94.28951782315164,-39.39039100470438
2013-01-05 21:00:00,2.3308096512389245,2.3308096512389245,-38.21872405551914
2013-01-05 22:00:00,21.27235260633229,21.27235260633229,-37.20895976343297
2013-01-05 23:00:00,-7.1245633205709815,-7.1245633205709815,-36.39617039555833
2013-01-06 00:00:00,-24.232591140660368,-24.232591140660368,-35.80032907791245
2013-01-06 01:00:00,-24.353200466064408,-24.353200466064408,-35.426650861492114
2013-01-06 02:00:00,-26.11677424929063,-26.11677424929063,-35.26664886298441
2013-01-06 03:00:00,-38.53632084790297,-38.53632084790297,-35.29979242672712
2013-01-06 04:00:00,-51.980168188697235,-51.980168188697235,-35.49563579288772
2013-01-06 05:00:00,-34.54767769785433,-34.54767769785433,-35.81627531472421
2013-01-06 06:00:00,-60.273781392592994,-60.273781392592994,-36.21898907860617
2013-01-06 07:00:00,-69.96635013832228,-69.96635013832228,-36.658914138563794
2013-01-06 08:00:00,-68.73683754883939,-68.73683754883939,-37.09162302825743
2013-01-06 09:00:00,-66.8659771591264,-66.8659771591264,-37.475472893852626
2013-01-06 10:00:00,-66.73753513350012,-66.73753513350012,-37.773618119405945
2013-01-06 11:00:00,-64.4737626961229,-64.4737626961229,-37.95560007910499
2013-01-06 12:00:00,-65.07870981606166,-65.07870981606166,-37.99845324479401
2013-01-06 13:00:00,-68.25667080277378,-68.25667080277378,-37.887292843424525
2013-01-06 14:00:00,-67.79274802070503,-67.79274802070503,-37.61537454417766
2013-01-06 15:00:00,-96.4677353337686,-96.4677353337686,-37.1836415586714
2013-01-06 16:00:00,-104.07340801051583,-104.07340801051583,-36.599800438818434
2013-01-06 17:00:00,-73.35784290841185,-73.35784290841185,-35.87699628438079
2013-01-06 18:00:00,-0.27623114140979865,-0.27623114140979865,-35.032193381731645
2013-01-06 19:00:00,57.10922582936426,57.10922582936426,-34.084406398937844
2013-01-06 20:00:00,90.2176102379317,90.2176102379317,-33.05295963447574
2013-01-06 21:00:00,60.59602267226249,60.59602267226249,-31.955961275063526
2013-01-06 22:00:00,75.70956012419424,75.70956012419424,-30.809154403993013
2013-01-06 23:00:00,4.707797906683796,4.707797906683796,-29.625247934012165
2013-01-07 00:00:00,-41.66360073095184,-41.66360073095184,-28.41375248533571
2013-01-07 01:00:00,-115.740760594291,-115.740760594291,-27.181267598371278
2013-01-07 02:00:00,-53.781972673086045,-53.781972673086045,-25.93210601647535
2013-01-07 03:00:00,-39.51327355561402,-39.51327355561402,-24.669111330247105
2013-01-07 04:00:00,-44.83228770446372,-44.83228770446372,-23.39452883765281
2013-01-07 05:00:00,-46.90165202416776,-46.90165202416776,-22.1108142113144
2013-01-07 06:00:00,-50.70053510772848,-50.70053510772848,-20.821293941156384
2013-01-07 07:00:00,-52.041157069281745,-52.041157069281745,-19.530616633737534
2013-01-07 08:00:00,-54.46000244357482,-54.46000244357482,-18.244956062093493
2013-01-07 09:00:00,-40.613015702735545,-40.613015702735545,-16.971949376492645
2013-01-07 10:00:00,-23.279373420307095,-23.279373420307095,-15.720378799782479
2013-01-07 11:00:00,-7.042076301730827,-7.042076301730827,-14.499631123735726
2013-01-07 12:00:00,2.0116784342330813,2.0116784342330813,-13.318992913162672
2013-01-07 13:00:00,7.493019400317565,7.493019400317565,-12.186856244193523
2013-01-07 14:00:00,12.000064516672102,12.000064516672102,-11.109917112992168
2013-01-07 15:00:00,13.795701349630566,13.795701349630566,-10.092446135576873
2013-01-07 16:00:00,10.137655948365158,10.137655948365158,-9.135700816163249
2013-01-07 17:00:00,10.533482295543076,10.533482295543076,-8.237533226073063
2013-01-07 18:00:00,10.041477521994743,10.041477521994743,-7.392228927777664
2013-01-07 19:00:00,9.017410123332414,9.017410123332414,-6.590594417438656
2013-01-07 20:00:00,8.120535011170645,8.120535011170645,-5.820292562172771
2013-01-07 21:00:00,7.133402723058824,7.133402723058824,-5.066409019272026
2013-01-07 22:00:00,-0.42346647191452913,-0.42346647191452913,-4.31221755139862
2013-01-07 23:00:00,-5.361700364977942,-5.361700364977942,-3.5400986822515077
2013-01-08 00:00:00,-12.241870186441934,-12.241870186441934,-2.7325548940073627
2013-01-08 01:00:00,-50.97414962069015,-50.97414962069015,-1.8732577707529081
2013-01-08 02:00:00,-0.602728730419294,-0.602728730419294,-0.9480599956105737
2013-01-08 03:00:00,-7.693491201909201,-7.693491201909201,0.0540902453466834
2013-01-08 04:00:00,-6.414617303157835,-6.414617303157835,1.140383377139865
2013-01-08 05:00:00,-11.954605666356644,-11.954605666356644,2.3135674058246467
2013-01-08 06:00:00,-9.584957981047168,-9.584957981047168,3.5715751240271167
2013-01-08 07:00:00,-4.906588948826206,-4.906588948826206,4.907372931550964
2013-01-08 08:00:00,-3.4269851136718956,-3.4269851136718956,6.309035688163689
2013-01-08 09:00:00,-1.7009955084361672,-1.7009955084361672,7.760042459409335
2013-01-08 10:00:00,1.176227213694411,1.176227213694411,9.239778065074617
2013-01-08 11:00:00,7.2233371513926565,7.2233371513926565,10.724215833287452
2013-01-08 12:00:00,14.111925545134039,14.111925545134039,12.18674837206577
2013-01-08 13:00:00,19.999232093792497,19.999232093792497,13.599125860277907
2013-01-08 14:00:00,19.836963371516262,19.836963371516262,14.932456058151594
2013-01-08 15:00:00,22.301682330205427,22.301682330205427,16.15821777689712
2013-01-08 16:00:00,23.99134142433175,23.99134142433175,17.249240161884195
2013-01-08 17:00:00,24.725900889415954,24.725900889415954,18.180603202109243
2013-01-08 18:00:00,28.817531236399503,28.817531236399503,18.93041939115537
2013-01-08 19:00:00,35.93968004171804,35.93968004171804,19.48046179275258
2013-01-08 20:00:00,39.16177726919285,39.16177726919285,19.816609945440888
2013-01-08 21:00:00,38.35937876739247,38.35937876739247,19.92909273351384
2013-01-08 22:00:00,34.0517186131038,34.0517186131038,19.81251739681284
2013-01-08 23:00:00,23.85719740977831,23.85719740977831,19.46568643852905
2013-01-09 00:00:00,10.194954951810224,10.194954951810224,18.891218157306582
2013-01-09 01:00:00,5.8923850217929825,5.8923850217929825,18.09499943122083
2013-01-09 02:00:00,24.492072493448944,24.492072493448944,17.085508389125792
2013-01-09 03:00:00,22.71623791258989,22.71623791258989,15.873048138657794
2013-01-09 04:00:00,3.095844459886802,3.095844459886802,14.468931930979751
2013-01-09 05:00:00,15.212597046901179,15.212597046901179,12.884658192167398
2013-01-09 06:00:00,13.743465945003816,13.743465945003816,11.131112914048225
2013-01-09 07:00:00,12.015307386399433,12.015307386399433,9.217836687661416
2013-01-09 08:00:00,1.1013125270636728,1.1013125270636728,7.152393346742665
2013-01-09 09:00:00,2.880331330702508,2.880331330702508,4.939876978823692
2013-01-09 10:00:00,3.0608619848835144,3.0608619848835144,2.5825941582132295
2013-01-09 11:00:00,4.673739569833396,4.673739569833396,0.07995803217523786
2013-01-09 12:00:00,-52.77645964987012,-52.77645964987012,-2.5713701447252744
2013-01-09 13:00:00,-69.85282804350831,-69.85282804350831,-5.377058809067958
2013-01-09 14:00:00,-59.46313222517389,-59.46313222517389,-8.344376665748664
2013-01-09 15:00:00,-69.59099072515495,-69.59099072515495,-11.481146099124446
2013-01-09 16:00:00,-78.05613362916915,-78.05613362916915,-14.794399804407485
2013-01-09 17:00:00,-88.39725822760747,-88.39725822760747,-18.288803109507537
2013-01-09 18:00:00,-29.842841747528865,-29.842841747528865,-21.96495303363201
2013-01-09 19:00:00,78.0936665803963,78.0936665803963,-25.817715235346085
2013-01-09 20:00:00,160.8258126042855,160.8258126042855,-29.83480395465763
2013-01-09 21:00:00,160.5706583358821,160.5706583358821,-33.99583189330408
2013-01-09 22:00:00,104.66890039207362,104.66890039207362,-38.27203606591501
2013-01-09 23:00:00,9.9146047928865,9.9146047928865,-42.62681142174738
2013-01-10 00:00:00,-80.2031808907488,-80.2031808907488,-47.01706868384662
2013-01-10 01:00:00,-131.6167069972738,-131.6167069972738,-51.395308584016874
2013-01-10 02:00:00,-113.27471436138958,-113.27471436138958,-55.712207266158266
2013-01-10 03:00:00,-113.26950531407348,-113.26950531407348,-59.91945909052028
2013-01-10 04:00:00,-102.12071138618597,-102.12071138618597,-63.97262375884207
2013-01-10 05:00:00,-104.24218976709469,-104.24218976709469,-67.83375805676002
2013-01-10 06:00:00,-101.73752563061127,-101.73752563061127,-71.47365804234082
2013-01-10 07:00:00,-95.62946723537866,-95.62946723537866,-74.87358156867342
2013-01-10 08:00:00,-98.34057669464156,-98.34057669464156,-78.0263588456519
2013-01-10 09:00:00,-114.18711628267111,-114.18711628267111,-80.93683029484038
2013-01-10 10:00:00,-144.31916229337426,-144.31916229337426,-83.6215776141
2013-01-10 11:00:00,-133.62660923482233,-133.62660923482233,-86.10793843354065
2013-01-10 12:00:00,-121.87745424433137,-121.87745424433137,-88.43232149933914
2013-01-10 13:00:00,-152.96543745416966,-152.96543745416966,-90.63787153377022
2013-01-10 14:00:00,-135.08899547517404,-135.08899547517404,-92.77157072705897
2013-01-10 15:00:00,-104.47913144000803,-104.47913144000803,-94.88090434071418
2013-01-10 16:00:00,-131.2186558343215,-131.2186558343215,-97.01025831756233
2013-01-10 17:00:00,-128.7240125699837,-128.7240125699837,-99.19725464396537
2013-01-10 18:00:00,-49.266551112823976,-49.266551112823976,-101.46926285038688
2013-01-10 19:00:00,1.7840742933595877,1.7840742933595877,-103.84035116628144
2013-01-10 20:00:00,121.51346305710729,121.51346305710729,-106.308953779213
2013-01-10 21:00:00,41.81765390265228,41.81765390265228,-108.85651965739449
2013-01-10 22:00:00,83.8367078371439,83.8367078371439,-111.44735821666423
2013-01-10 23:00:00,-7.94252777853599,-7.94252777853599,-114.02980150894453
2013-01-11 00:00:00,-100.7809216802178,-100.7809216802178,-116.53867277739523
2013-01-11 01:00:00,-187.79355181308927,-187.79355181308927,-118.89891181354412
2013-01-11 02:00:00,-190.0112105374719,-190.0112105374719,-121.03008691258252
2013-01-11 03:00:00,-196.2133304039608,-196.2133304039608,-122.85144483341232
2013-01-11 04:00:00,-188.24097751241388,-188.24097751241388,-124.28712440999868
2013-01-11 05:00:00,-183.13996129334646,-183.13996129334646,-125.2711791748885
2013-01-11 06:00:00,-173.5692329976102,-173.5692329976102,-125.75210107700987
2013-01-11 07:00:00,-175.95475062570517,-175.95475062570517,-125.6965934280854
2013-01-11 08:00:00,-182.48143717188248,-182.48143717188248,-125.0923964444504
2013-01-11 09:00:00,-193.8628368540283,-193.8628368540283,-123.9500199682493
2013-01-11 10:00:00,-200.84848717832267,-200.84848717832267,-122.30328632879122
2013-01-11 11:00:00,-186.70496830905768,-186.70496830905768,-120.2086352779511
2013-01-11 12:00:00,-169.82949461995634,-169.82949461995634,-117.7431957804278
2013-01-11 13:00:00,-161.60068389878325,-161.60068389878325,-115.00168669095044
2013-01-11 14:00:00,-178.19900955480762,-178.19900955480762,-112.09226701645687
2013-01-11 15:00:00,-192.18697350758617,-192.18697350758617,-109.13151259588436
2013-01-11 16:00:00,-199.85942182580024,-199.85942182580024,-106.2387489062329
2013-01-11 17:00:00,-128.56693384217962,-128.56693384217962,-103.53002304667088
2013-01-11 18:00:00,-6.287465227335662,-6.287465227335662,-101.11205522044031
2013-01-11 19:00:00,90.4865040608876,90.4865040608876,-99.07656598265942
2013-01-11 20:00:00,155.91974731305808,155.91974731305808,-97.49541141772268
2013-01-11 21:00:00,168.56984597748894,168.56984597748894,-96.41694806468529
2013-01-11 22:00:00,130.12135030570226,130.12135030570226,-95.86397409671304
2013-01-11 23:00:00,38.610112007517145,38.610112007517145,-95.83345390086959
2013-01-12 00:00:00,-72.89620804701651,-72.89620804701651,-96.29805134373503
2013-01-12 01:00:00,-189.92635621242687,-189.92635621242687,-97.20930720407905
2013-01-12 02:00:00,-212.97947001787907,-212.97947001787907,-98.50213597849846
2013-01-12 03:00:00,-178.65966891192863,-178.65966891192863,-100.10021627133858
2013-01-12 04:00:00,-165.9933848895531,-165.9933848895531,-101.92181885016203
2013-01-12 05:00:00,-158.16267911267553,-158.16267911267553,-103.88564569196258
2013-01-12 06:00:00,-160.9903518696152,-160.9903518696152,-105.9163148954
2013-01-12 07:00:00,-160.4463787025431,-160.4463787025431,-107.9491942474929
2013-01-12 08:00:00,-158.9898525366006,-158.9898525366006,-109.93434753357691
2013-01-12 09:00:00,-157.18347924240055,-157.18347924240055,-111.83941118373508
2013-01-12 10:00:00,-170.64111886440125,-170.64111886440125,-113.65126746997134
2013-01-12 11:00:00,-184.53579334107616,-184.53579334107616,-115.37642650430942
2013-01-12 12:00:00,-217.57128792729316,-217.57128792729316,-117.0400746072658
2013-01-12 13:00:00,-234.28733723333482,-234.28733723333482,-118.68379444408589
2013-01-12 14:00:00,-240.29712110306562,-240.29712110306562,-120.36201762323586
2013-01-12 15:00:00,-248.78283434968859,-248.78283434968859,-122.13733807225094
2013-01-12 16:00:00,-254.88805668253116,-254.88805668253116,-124.07489652149616
2013-01-12 17:00:00,-164.86405196388228,-164.86405196388228,-126.23614084598874
2013-01-12 18:00:00,-17.318228398208237,-17.318228398208237,-128.6723674065483
2013-01-12 19:00:00,110.23124104166769,110.23124104166769,-131.41854109482375
2013-01-12 20:00:00,185.29727443667372,185.29727443667372,-134.4879515981417
2013-01-12 21:00:00,184.81086851067533,184.81086851067533,-137.86825917008503
2013-01-12 22:00:00,94.29492757523983,94.29492757523983,-141.51939346852046
2013-01-12 23:00:00,29.71523388272746,29.71523388272746,-145.37359773554286
2013-01-13 00:00:00,-81.10765337968361,-81.10765337968361,-149.33768838144505
2013-01-13 01:00:00,-194.52263910053205,-194.52263910053205,-153.2973709937585
2013-01-13 02:00:00,-228.25034338495965,-228.25034338495965,-157.1232585156147
2013-01-13 03:00:00,-250.16927878311736,-250.16927878311736,-160.67810242268007
2013-01-13 04:00:00,-271.3182779122028,-271.3182779122028,-163.82468264201398
2013-01-13 05:00:00,-267.40220236402087,-267.40220236402087,-166.43379990695365
2013-01-13 06:00:00,-264.6976928151959,-264.6976928151959,-168.39185771828704
2013-01-13 07:00:00,-252.40809129888362,-252.40809129888362,-169.60759103994897
2013-01-13 08:00:00,-254.22416432503076,-254.22416432503076,-170.01758084890474
2013-01-13 09:00:00,-269.9675007201497,-269.9675007201497,-169.59027840458566
2013-01-13 10:00:00,-249.0705824674318,-249.0705824674318,-168.32834572727197
2013-01-13 11:00:00,-257.2876604529314,-257.2876604529314,-166.2691985083712
2013-01-13 12:00:00,-262.237147317711,-262.237147317711,-163.48371611536137
2013-01-13 13:00:00,-264.2374782342127,-264.2374782342127,-160.07316194562512
2013-01-13 14:00:00,-260.0909786535146,-260.0909786535146,-156.1644369801403
2013-01-13 15:00:00,-256.0104168458121,-256.0104168458121,-151.90387122699053
2013-01-13 16:00:00,-251.0203407252771,-251.0203407252771,-147.44984299958836
2013-01-13 17:00:00,-154.0856579267822,-154.0856579267822,-142.96460415989284
2013-01-13 18:00:00,-6.117951692777758,-6.117951692777758,-138.60577653491006
2013-01-13 19:00:00,105.5327636142419,105.5327636142419,-134.51805925685971
2013-01-13 20:00:00,165.1441058474095,165.1441058474095,-130.82572665876947
2013-01-13 21:00:00,163.1622900066848,163.1622900066848,-127.62647449099215
2013-01-13 22:00:00,114.06594345287823,114.06594345287823,-124.98707230327922
2013-01-13 23:00:00,24.622654835691986,24.622654835691986,-122.94110905086096
2013-01-14 00:00:00,-86.05704477800114,-86.05704477800114,-121.48890660741026
2013-01-14 01:00:00,-184.0262089416586,-184.0262089416586,-120.59946154574517
2013-01-14 02:00:00,-202.44988964911548,-202.44988964911548,-120.21409697340863
2013-01-14 03:00:00,-213.20423314355492,-213.20423314355492,-120.25138976608757
2013-01-14 04:00:00,-204.39016306621124,-204.39016306621124,-120.61289262260466
2013-01-14 05:00:00,-207.9769767522176,-207.9769767522176,-121.1891843890881
2013-01-14 06:00:00,-222.93734656150008,-222.93734656150008,-121.86583442280991
2013-01-14 07:00:00,-222.42393788871738,-222.42393788871738,-122.52893708802075
2013-01-14 08:00:00,-219.43077305512398,-219.43077305512398,-123.06994946771512
2013-01-14 09:00:00,-204.65035561478908,-204.65035561478908,-123.38964569602645
2013-01-14 10:00:00,-175.89663611051495,-175.89663611051495,-123.40108404522427
2013-01-14 11:00:00,-128.86198840204204,-128.86198840204204,-123.03156508697037
2013-01-14 12:00:00,-112.54871247401982,-112.54871247401982,-122.22363477996677
2013-01-14 13:00:00,-105.60344620915701,-105.60344620915701,-120.93524739103376
2013-01-14 14:00:00,-103.23365077442695,-103.23365077442695,-119.13924345684637
2013-01-14 15:00:00,-95.70778968862909,-95.70778968862909,-116.82231644174415
2013-01-14 16:00:00,-94.89830219202932,-94.89830219202932,-113.98364302956588
2013-01-14 17:00:00,-82.4171052867365,-82.4171052867365,-110.6333430170143
2013-01-14 18:00:00,-57.06613905996767,-57.06613905996767,-106.79092057915175
2013-01-14 19:00:00,-45.737105807658104,-45.737105807658104,-102.48382088693772
2013-01-14 20:00:00,-46.637678367322806,-46.637678367322806,-97.74621349278571
2013-01-14 21:00:00,-38.668882205674386,-38.668882205674386,-92.61808433226723
2013-01-14 22:00:00,-48.94012443956026,-48.94012443956026,-87.14468091725479
2013-01-14 23:00:00,-49.31304153580682,-49.31304153580682,-81.37631262580003
2013-01-15 00:00:00,-53.79908981072691,-53.79908981072691,-75.36846418988493
2013-01-15 01:00:00,-140.50083586247698,-140.50083586247698,-69.18214000611508
2013-01-15 02:00:00,-74.60716047870328,-74.60716047870328,-62.884324465859976
2013-01-15 03:00:00,-72.19455342625159,-72.19455342625159,-56.548424754211325
2013-01-15 04:00:00,-72.65544099251213,-72.65544099251213,-50.25456123471471
2013-01-15 05:00:00,-73.65326935607192,-73.65326935607192,-44.08958368481746
2013-01-15 06:00:00,-73.13021672396792,-73.13021672396792,-38.14671118044627
2013-01-15 07:00:00,-71.41565384400991,-71.41565384400991,-32.52471383453033
2013-01-15 08:00:00,-67.87266940092493,-67.87266940092493,-27.32657624751389
2013-01-15 09:00:00,-60.739177428851036,-60.739177428851036,-22.65760771433689
2013-01-15 10:00:00,-55.17801104759124,-55.17801104759124,-18.6229934875327
2013-01-15 11:00:00,-51.191806108346675,-51.191806108346675,-15.324813556319967
2013-01-15 12:00:00,-54.19613784796992,-54.19613784796992,-12.858588830795826
2013-01-15 13:00:00,-44.464527057865524,-44.464527057865524,-11.30944808709166
2013-01-15 14:00:00,-43.61183631109947,-43.61183631109947,-10.748042108391266
2013-01-15 15:00:00,-57.58453987173061,-57.58453987173061,-11.2263642024494
2013-01-15 16:00:00,-105.17368297289508,-105.17368297289508,-12.773668923224816
2013-01-15 17:00:00,-61.096893952347294,-61.096893952347294,-15.392714785211757
2013-01-15 18:00:00,62.60408133148887,62.60408133148887,-19.056594878401995
2013-01-15 19:00:00,181.73370087650886,181.73370087650886,-23.7064603989112
2013-01-15 20:00:00,241.30002731576582,241.30002731576582,-29.25047180060624
2013-01-15 21:00:00,243.57354729591415,243.57354729591415,-35.564302658292625
2013-01-15 22:00:00,191.73792895354975,191.73792895354975,-42.49344680154752
2013-01-15 23:00:00,92.5792290813127,92.5792290813127,-49.85743555309944
2013-01-16 00:00:00,-36.72078140244416,-36.72078140244416,-57.45588098124799
2013-01-16 01:00:00,-153.00633602737298,-153.00633602737298,-65.07606118755962
2013-01-16 02:00:00,-179.6935379740733,-179.6935379740733,-72.50159519999431
2013-01-16 03:00:00,-203.54796191505363,-203.54796191505363,-79.52164866484407
2013-01-16 04:00:00,-219.11431899337884,-219.11431899337884,-85.94007913057611
2013-01-16 05:00:00,-206.45847111724805,-206.45847111724805,-91.58396235485226
2013-01-16 06:00:00,-198.24104937985783,-198.24104937985783,-96.31101716003036
2013-01-16 07:00:00,-191.91107706600852,-191.91107706600852,-100.0155439145958
2013-01-16 08:00:00,-192.89346014494174,-192.89346014494174,-102.63259491418665
2013-01-16 09:00:00,-200.4470122461626,-200.4470122461626,-104.14019453664005
2013-01-16 10:00:00,-197.42050931573704,-197.42050931573704,-104.55951949423054
2013-01-16 11:00:00,-187.32861519000488,-187.32861519000488,-103.95303574561429
2013-01-16 12:00:00,-182.67759248794175,-182.67759248794175,-102.42067139230012
2013-01-16 13:00:00,-181.65115378780894,-181.65115378780894,-100.09418574737526
2013-01-16 14:00:00,-186.02760328835603,-186.02760328835603,-97.12997342209621
2013-01-16 15:00:00,-187.6219799356281,-187.6219799356281,-93.70061823839457
2013-01-16 16:00:00,-183.48792696162144,-183.48792696162144,-89.98558608630242
2013-01-16 17:00:00,-72.7380962699702,-72.7380962699702,-86.16152039897092
2013-01-16 18:00:00,88.10078546372677,88.10078546372677,-82.3926773633217
2013-01-16 19:00:00,199.81657583917448,199.81657583917448,-78.82209901294831
2013-01-16 20:00:00,260.35436653736735,260.35436653736735,-75.56414615808029
2013-01-16 21:00:00,262.3037291007793,262.3037291007793,-72.69896967617659
2013-01-16 22:00:00,206.76894687072746,206.76894687072746,-70.2693710156264
2013-01-16 23:00:00,107.91056750168067,107.91056750168067,-68.28029966135836
2013-01-17 00:00:00,-19.679968678938074,-19.679968678938074,-66.70098858254399
2013-01-17 01:00:00,-163.16251260584247,-163.16251260584247,-65.46948096776872
2013-01-17 02:00:00,-167.43745192889313,-167.43745192889313,-64.49909471929772
2013-01-17 03:00:00,-173.10226563955854,-173.10226563955854,-63.68623676564443
2013-01-17 04:00:00,-175.5606228162858,-175.5606228162858,-62.91892917063724
2013-01-17 05:00:00,-165.62526952423156,-165.62526952423156,-62.085431512438305
2013-01-17 06:00:00,-160.90840590137225,-160.90840590137225,-61.082412254094
2013-01-17 07:00:00,-149.9608219109789,-149.9608219109789,-59.82221005182557
2013-01-17 08:00:00,-144.13496390633335,-144.13496390633335,-58.238818726398826
2013-01-17 09:00:00,-152.34619292352244,-152.34619292352244,-56.29232037188933
2013-01-17 10:00:00,-153.81619348795894,-153.81619348795894,-53.971577711189944
2013-01-17 11:00:00,-151.1225790028377,-151.1225790028377,-51.29507990193646
2013-01-17 12:00:00,-147.70532518092796,-147.70532518092796,-48.30991792846987
2013-01-17 13:00:00,-143.03790711579532,-143.03790711579532,-45.08894891847112
2013-01-17 14:00:00,-140.85060300973848,-140.85060300973848,-41.72629402226851
2013-01-17 15:00:00,-142.6743996507779,-142.6743996507779,-38.331401171360284
2013-01-17 16:00:00,-143.03016757304934,-143.03016757304934,-35.02199122364031
2013-01-17 17:00:00,-39.457225022765705,-39.457225022765705,-31.916293383761094
2013-01-17 18:00:00,115.58309109290195,115.58309109290195,-29.125061217353153
2013-01-17 19:00:00,232.51482624596696,232.51482624596696,-26.743933811563803
2013-01-17 20:00:00,291.87538717943244,291.87538717943244,-24.846744536091553
2013-01-17 21:00:00,294.01515205281555,294.01515205281555,-23.48035299830725
2013-01-17 22:00:00,242.38644831259109,242.38644831259109,-22.661466147964592
2013-01-17 23:00:00,145.17985926823968,145.17985926823968,-22.37572917686833
2013-01-18 00:00:00,12.378818498741785,12.378818498741785,-22.579136367869904
2013-01-18 01:00:00,-107.65087170532655,-107.65087170532655,-23.201578292489387
2013-01-18 02:00:00,-110.59028566043446,-110.59028566043446,-24.152146033627638
2013-01-18 03:00:00,-117.81178789309202,-117.81178789309202,-25.325685888080933
2013-01-18 04:00:00,-118.54320150168093,-118.54320150168093,-26.6100495124093
2013-01-18 05:00:00,-116.64865720837591,-116.64865720837591,-27.8935019086229
2013-01-18 06:00:00,-112.70354903744527,-112.70354903744527,-29.07180711540306
2013-01-18 07:00:00,-104.17660173192853,-104.17660173192853,-30.054585642387593
2013-01-18 08:00:00,-102.45437930504343,-102.45437930504343,-30.770615438992895
2013-01-18 09:00:00,-111.83992048301532,-111.83992048301532,-31.171824184123217
2013-01-18 10:00:00,-122.69817901449535,-122.69817901449535,-31.23579317728326
2013-01-18 11:00:00,-119.22298491319188,-119.22298491319188,-30.966662716327914
2013-01-18 12:00:00,-122.9422737919534,-122.9422737919534,-30.394398147510014
2013-01-18 13:00:00,-130.00074068358182,-130.00074068358182,-29.572447610027368
2013-01-18 14:00:00,-131.70837765729846,-131.70837765729846,-28.573898163223106
2013-01-18 15:00:00,-132.63997504872037,-132.63997504872037,-27.486316382559025
2013-01-18 16:00:00,-140.3666627612947,-140.3666627612947,-26.40554245968455
2013-01-18 17:00:00,-54.18932359446873,-54.18932359446873,-25.428793192308905
2013-01-18 18:00:00,97.79575906847948,97.79575906847948,-24.647516502450387
2013-01-18 19:00:00,217.50639080426416,217.50639080426416,-24.14051818711238
2013-01-18 20:00:00,289.0867562321288,289.0867562321288,-23.96792823830683
2013-01-18 21:00:00,297.9882494797487,297.9882494797487,-24.166559705368197
2013-01-18 22:00:00,245.754531417465,245.754531417465,-24.74711706238073
2013-01-18 23:00:00,144.1292075609753,144.1292075609753,-25.69353655021747
2013-01-19 00:00:00,12.42441184086593,12.42441184086593,-26.96451598404972
2013-01-19 01:00:00,-105.61408487317772,-105.61408487317772,-28.497058311411013
2013-01-19 02:00:00,-123.24834408914876,-123.24834408914876,-30.21165514921344
2013-01-19 03:00:00,-124.87712602785605,-124.87712602785605,-32.01860605268075
2013-01-19 04:00:00,-144.18607936256942,-144.18607936256942,-33.8249179362774
2013-01-19 05:00:00,-123.75113713022895,-123.75113713022895,-35.5412453108123
2013-01-19 06:00:00,-112.89371712836868,-112.89371712836868,-37.0883909402474
2013-01-19 07:00:00,-118.96286724267605,-118.96286724267605,-38.40296451429322
2013-01-19 08:00:00,-130.25378120255135,-130.25378120255135,-39.44187898929699
2013-01-19 09:00:00,-134.38652612659297,-134.38652612659297,-40.18544353393726
2013-01-19 10:00:00,-131.24415077027558,-131.24415077027558,-40.63888777369187
2013-01-19 11:00:00,-134.76295544486317,-134.76295544486317,-40.832227103593034
2013-01-19 12:00:00,-138.03909639001438,-138.03909639001438,-40.81845595965684
2013-01-19 13:00:00,-141.21511411352486,-141.21511411352486,-40.670135615716674
2013-01-19 14:00:00,-143.59997726162726,-143.59997726162726,-40.4745246650916
2013-01-19 15:00:00,-151.19703598441043,-151.19703598441043,-40.327483719979504
2013-01-19 16:00:00,-159.58494653620548,-159.58494653620548,-40.326471575772814
2013-01-19 17:00:00,-47.09348678239207,-47.09348678239207,-40.563038549195426
2013-01-19 18:00:00,116.09707525947798,116.09707525947798,-41.11531145233039
2013-01-19 19:00:00,237.1076265851727,237.1076265851727,-42.041042058974924
2013-01-19 20:00:00,297.1008449131681,297.1008449131681,-43.37183120384671
2013-01-19 21:00:00,300.88472307627535,300.88472307627535,-45.109111395154066
2013-01-19 22:00:00,247.34103317922876,247.34103317922876,-47.22235226862808
2013-01-19 23:00:00,145.5671534581842,145.5671534581842,-49.64975274271097
2013-01-20 00:00:00,11.97796532963915,11.97796532963915,-52.301433347706215
2013-01-20 01:00:00,-142.18621162972698,-142.18621162972698,-55.06488564722235
2013-01-20 02:00:00,-163.19602992390236,-163.19602992390236,-57.81221650892874
2013-01-20 03:00:00,-183.66430552424575,-183.66430552424575,-60.40857722699675
2013-01-20 04:00:00,-194.1167325563096,-194.1167325563096,-62.7211062591172
2013-01-20 05:00:00,-194.15789094194255,-194.15789094194255,-64.62773103550823
2013-01-20 06:00:00,-190.89415314350288,-190.89415314350288,-66.02524412200354
2013-01-20 07:00:00,-187.32588080059904,-187.32588080059904,-66.83616637881882
2013-01-20 08:00:00,-182.43249060799252,-182.43249060799252,-67.01401792522941
2013-01-20 09:00:00,-160.64569269908816,-160.64569269908816,-66.54672821500908
2013-01-20 10:00:00,-152.59943494616005,-152.59943494616005,-65.45802494080925
2013-01-20 11:00:00,-150.78891919155265,-150.78891919155265,-63.80674484091248
2013-01-20 12:00:00,-157.9575320464595,-157.9575320464595,-61.68410556623898
2013-01-20 13:00:00,-160.8541348897022,-160.8541348897022,-59.209066118130146
2013-01-20 14:00:00,-161.65026115498716,-161.65026115498716,-56.5219863484566
2013-01-20 15:00:00,-162.34839190496453,-162.34839190496453,-53.77687782536437
2013-01-20 16:00:00,-159.2558106983479,-159.2558106983479,-51.132622570396634
2013-01-20 17:00:00,-35.702389947526505,-35.702389947526505,-48.74362374454232
2013-01-20 18:00:00,121.15420956284031,121.15420956284031,-46.75043942679211
2013-01-20 19:00:00,230.64347701001827,230.64347701001827,-45.27102360783406
2013-01-20 20:00:00,294.21686289417977,294.21686289417977,-44.39323121323313
2013-01-20 21:00:00,301.1854098095183,301.1854098095183,-44.1692060141619
2013-01-20 22:00:00,249.71763826699004,249.71763826699004,-44.61214509272363
2013-01-20 23:00:00,147.56935257356145,147.56935257356145,-45.69573002017979
2013-01-21 00:00:00,13.825921628454708,13.825921628454708,-47.356264194963536
2013-01-21 01:00:00,-139.76390651104666,-139.76390651104666,-49.49730002289213
2013-01-21 02:00:00,-156.41416877033095,-156.41416877033095,-51.99632162671525
2013-01-21 03:00:00,-152.27581870252516,-152.27581870252516,-54.71290243798723
2013-01-21 04:00:00,-147.50221914392392,-147.50221914392392,-57.49769661468306
2013-01-21 05:00:00,-144.3823322311767,-144.3823322311767,-60.20163752248168
2013-01-21 06:00:00,-159.3545020347359,-159.3545020347359,-62.68477680793395
2013-01-21 07:00:00,-163.30732875967854,-163.30732875967854,-64.82427582147727
2013-01-21 08:00:00,-166.71253858856812,-166.71253858856812,-66.52114235303857
2013-01-21 09:00:00,-168.86799156253346,-168.86799156253346,-67.70538687033007
2013-01-21 10:00:00,-175.66549527426412,-175.66549527426412,-68.33935525313828
2013-01-21 11:00:00,-185.05463100674172,-185.05463100674172,-68.41908048857789
2013-01-21 12:00:00,-194.9148402601402,-194.9148402601402,-67.9735841075367
2013-01-21 13:00:00,-201.4264556742839,-201.4264556742839,-67.0621499047497
2013-01-21 14:00:00,-200.6267492016489,-200.6267492016489,-65.76968915714033
2013-01-21 15:00:00,-197.16916668000079,-197.16916668000079,-64.20041949681259
2013-01-21 16:00:00,-189.45820422606118,-189.45820422606118,-62.47018882928202
2013-01-21 17:00:00,-58.48109861510315,-58.48109861510315,-60.6978890591259
2013-01-21 18:00:00,103.6508914315339,103.6508914315339,-58.99651553291362
2013-01-21 19:00:00,222.26883937960952,222.26883937960952,-57.4645215513772
2013-01-21 20:00:00,291.4867011740927,291.4867011740927,-56.17816552798185
2013-01-21 21:00:00,302.9151649228244,302.9151649228244,-55.18552026650446
2013-01-21 22:00:00,254.0442536880687,254.0442536880687,-54.50269256506171
2013-01-21 23:00:00,154.59025889076295,154.59025889076295,-54.11259617143854
2013-01-22 00:00:00,13.31378059828676,13.31378059828676,-53.96636409933933
2013-01-22 01:00:00,-137.36634148966118,-137.36634148966118,-53.98722115441467
2013-01-22 02:00:00,-162.94549796309929,-162.94549796309929,-54.07640897302247
2013-01-22 03:00:00,-160.53884016674064,-160.53884016674064,-54.12059993206118
2013-01-22 04:00:00,-151.90179958335017,-151.90179958335017,-54.000169072622356
2013-01-22 05:00:00,-154.7521439392876,-154.7521439392876,-53.597704711590445
2013-01-22 06:00:00,-160.5823104898256,-160.5823104898256,-52.80620035782198
2013-01-22 07:00:00,-143.79834257736644,-143.79834257736644,-51.53645431321876
2013-01-22 08:00:00,-135.70893966837008,-135.70893966837008,-49.723292471784994
2013-01-22 09:00:00,-121.6436144461328,-121.6436144461328,-47.330318657913516
2013-01-22 10:00:00,-126.799638667201,-126.799638667201,-44.35298321326125
2013-01-22 11:00:00,-123.84437188167783,-123.84437188167783,-40.81984242221443
2013-01-22 12:00:00,-152.95432051927216,-152.95432051927216,-36.79195812052291
2013-01-22 13:00:00,-152.93326993240788,-152.93326993240788,-32.360460821206274
2013-01-22 14:00:00,-149.30628720956648,-149.30628720956648,-27.64237580627106
2013-01-22 15:00:00,-117.72011115123956,-117.72011115123956,-22.77489483398263
2013-01-22 16:00:00,-117.6982886414184,-117.6982886414184,-17.90836806119346
2013-01-22 17:00:00,-28.92808303772142,-28.92808303772142,-13.198387884618615
2013-01-22 18:00:00,111.02888643831923,111.02888643831923,-8.797430404083496
2013-01-22 19:00:00,225.13533533265905,225.13533533265905,-4.846598087242072
2013-01-22 20:00:00,299.3873672226203,299.3873672226203,-1.4680490048535928
2013-01-22 21:00:00,296.44733815849196,296.44733815849196,1.2413205648027352
2013-01-22 22:00:00,251.78648614550127,251.78648614550127,3.2144685986216754
2013-01-22 23:00:00,144.14499670420437,144.14499670420437,4.416770518245797
