dayDN,surfaceRiver,bottomRiver,EstimatedTemp,plot_date
2012-12-12,8.018888888888888,8.751818648265434,8.385353768577161,2012-12-12 12:00:00
2012-12-13,7.7314795918367345,8.33544698245855,8.033463287147642,2012-12-13 12:00:00
2012-12-14,6.979114583333334,7.8268369899040975,7.402975786618716,2012-12-14 12:00:00
2012-12-15,7.150054644808743,7.499256412567626,7.324655528688185,2012-12-15 12:00:00
2012-12-16,6.968870056497174,7.30147302204967,7.135171539273422,2012-12-16 12:00:00
2012-12-17,7.887070312500001,7.9149632485598636,7.9010167805299325,2012-12-17 12:00:00
2012-12-18,6.96326388888889,7.63037918381941,7.29682153635415,2012-12-18 12:00:00
2012-12-19,6.1675,6.661591910914871,6.414545955457436,2012-12-19 12:00:00
2012-12-20,6.956006944444444,7.181060296805697,7.06853362062507,2012-12-20 12:00:00
2012-12-21,7.135347222222222,7.405319607751583,7.2703334149869026,2012-12-21 12:00:00
2012-12-22,7.614027777777778,7.878765524220311,7.746396650999045,2012-12-22 12:00:00
2012-12-23,7.543472222222222,7.936608688070219,7.740040455146221,2012-12-23 12:00:00
2012-12-24,7.444305555555555,7.8026504815806845,7.62347801856812,2012-12-24 12:00:00
2012-12-25,7.726076388888888,8.030139090291868,7.878107739590378,2012-12-25 12:00:00
2012-12-26,7.981597222222222,8.224959455455096,8.10327833883866,2012-12-26 12:00:00
2012-12-27,7.921701388888888,8.310229588029703,8.115965488459295,2012-12-27 12:00:00
2012-12-28,7.878368055555555,8.20124716134913,8.039807608452342,2012-12-28 12:00:00
2012-12-29,7.741909722222222,8.053235596846886,7.8975726595345535,2012-12-29 12:00:00
2012-12-30,7.262013888888889,7.5625881003114195,7.412300994600154,2012-12-30 12:00:00
2012-12-31,6.440486111111111,7.081705014262798,6.761095562686955,2012-12-31 12:00:00
2013-01-01,6.311597222222223,6.637991156727476,6.474794189474849,2013-01-01 12:00:00
2013-01-02,5.734615384658369,6.319894234710626,6.027254809684497,2013-01-02 12:00:00
2013-01-03,4.915641025555057,5.739638930287388,5.327639977921223,2013-01-03 12:00:00
2013-01-04,5.651587301805497,5.565029901595174,5.608308601700335,2013-01-04 12:00:00
2013-01-05,6.554600000229328,6.218406428488319,6.386503214358823,2013-01-05 12:00:00
2013-01-06,7.1470430105598135,7.021034227622463,7.084038619091139,2013-01-06 12:00:00
2013-01-07,7.633040935531346,7.484674957920599,7.558857946725972,2013-01-07 12:00:00
2013-01-08,8.16470270269183,8.0512498368513,8.107976269771566,2013-01-08 12:00:00
2013-01-09,8.56164383557051,8.50628229047089,8.5339630630207,2013-01-09 12:00:00
2013-01-10,7.419086956556725,8.23272106892787,7.825904012742297,2013-01-10 12:00:00
2013-01-11,6.1666260162151865,6.7668767221731185,6.466751369194153,2013-01-11 12:00:00
2013-01-12,5.515731707341607,5.882471603343322,5.6991016553424645,2013-01-12 12:00:00
2013-01-13,4.979035087735474,5.480485500215619,5.229760293975547,2013-01-13 12:00:00
2013-01-14,4.224692982462022,4.641140578627751,4.432916780544886,2013-01-14 12:00:00
2013-01-15,4.593558558714113,4.578200222939024,4.585879390826569,2013-01-15 12:00:00
2013-01-16,4.787248908412606,4.703450579550619,4.745349743981613,2013-01-16 12:00:00
2013-01-17,4.371796116477185,4.691336017925642,4.531566067201414,2013-01-17 12:00:00
2013-01-18,4.352849999996647,4.485885398329012,4.41936769916283,2013-01-18 12:00:00
2013-01-19,4.40905027936707,4.581528238529301,4.495289258948185,2013-01-19 12:00:00
2013-01-20,4.596422764096801,4.422387175741463,4.509404969919132,2013-01-20 12:00:00
2013-01-21,4.856363636058839,5.126234885572064,4.991299260815452,2013-01-21 12:00:00
2013-01-22,4.055352611489308,5.830082595402666,4.9427176034459865,2013-01-22 12:00:00
2013-01-23,3.906429278621596,6.696999397020245,5.30171433782092,2013-01-23 12:00:00
2013-01-24,5.230551329270322,5.972860738119884,5.601706033695104,2013-01-24 12:00:00
2013-01-25,6.554673379919048,5.248722079219522,5.901697729569285,2013-01-25 12:00:00
2013-01-26,6.237829009523306,6.126135802919783,6.181982406221545,2013-01-26 12:00:00
2013-01-27,6.597894736842105,6.4501224570854125,6.524008596963759,2013-01-27 12:00:00
2013-01-28,6.469186602859584,6.774109111251042,6.621647857055313,2013-01-28 12:00:00
2013-01-29,6.915766423298929,6.747313261227184,6.831539842263057,2013-01-29 12:00:00
2013-01-30,7.573437500019789,7.52816551088342,7.550801505451604,2013-01-30 12:00:00
2013-01-31,7.9756597222268795,7.952334147007894,7.963996934617387,2013-01-31 12:00:00
2013-02-01,8.136702508968986,8.328345580659228,8.232524044814106,2013-02-01 12:00:00
2013-02-02,7.6900000000100475,8.248470539802758,7.969235269906402,2013-02-02 12:00:00
2013-02-03,7.584330708698378,7.755676886817907,7.670003797758143,2013-02-03 12:00:00
2013-02-04,7.775240000063032,7.639798893944871,7.707519447003952,2013-02-04 12:00:00
2013-02-05,8.127251461996146,8.111013166164515,8.11913231408033,2013-02-05 12:00:00
2013-02-06,8.301896551721248,8.448975313728432,8.37543593272484,2013-02-06 12:00:00
2013-02-07,7.890882352990482,8.03013491478973,7.960508633890106,2013-02-07 12:00:00
2013-02-08,7.179830508429113,7.6112945158510295,7.395562512140071,2013-02-08 12:00:00
2013-02-09,6.408662790878958,7.0124501643313915,6.710556477605175,2013-02-09 12:00:00
2013-02-10,6.4310144928823885,6.6425181396772315,6.5367663162798095,2013-02-10 12:00:00
2013-02-11,7.086666666507013,6.949168178026705,7.0179174222668586,2013-02-11 12:00:00
2013-02-12,7.677027026945474,7.719629397444933,7.698328212195204,2013-02-12 12:00:00
2013-02-13,8.17930069916237,8.186226192954518,8.182763446058445,2013-02-13 12:00:00
2013-02-14,8.565375000035623,8.756381847895248,8.660878423965436,2013-02-14 12:00:00
2013-02-15,8.517771084454493,9.0800007165931,8.798885900523796,2013-02-15 12:00:00
2013-02-16,8.456580645159125,9.085993128726955,8.77128688694304,2013-02-16 12:00:00
2013-02-17,8.34524861873822,8.67524816883751,8.510248393787865,2013-02-17 12:00:00
2013-02-18,7.9360204082316885,8.339888940211527,8.137954674221607,2013-02-18 12:00:00
2013-02-19,7.105555555555556,8.272384621919652,7.688970088737604,2013-02-19 12:00:00
2013-02-20,6.868055642949097,8.204880303627778,7.536467973288437,2013-02-20 12:00:00
2013-02-21,6.756290264925234,7.3600443857647955,7.058167325345014,2013-02-21 12:00:00
2013-02-22,6.807075987638131,7.313259705209056,7.060167846423593,2013-02-22 12:00:00
2013-02-23,6.768510638190872,6.992689506379568,6.88060007228522,2013-02-23 12:00:00
2013-02-24,6.6558052435047115,6.925496635291,6.790650939397856,2013-02-24 12:00:00
2013-02-25,6.933869565204272,7.025768529990882,6.9798190475975765,2013-02-25 12:00:00
2013-02-26,7.004424778744744,7.2088423176122856,7.106633548178515,2013-02-26 12:00:00
2013-02-27,6.9794000001056125,7.320872117652154,7.150136058878884,2013-02-27 12:00:00
2013-02-28,7.519500000208617,7.459068671961597,7.489284336085107,2013-02-28 12:00:00
2013-03-01,8.456465517057843,8.201757072449672,8.329111294753758,2013-03-01 12:00:00
2013-03-02,9.100886075885706,9.270123153311584,9.185504614598646,2013-03-02 12:00:00
2013-03-03,9.089681274901734,9.631720356715144,9.360700815808439,2013-03-03 12:00:00
2013-03-04,8.341554621962846,8.987685108702443,8.664619865332645,2013-03-04 12:00:00
2013-03-05,8.091363637003708,8.659074023747722,8.375218830375715,2013-03-05 12:00:00
2013-03-06,7.181428571434559,7.24987336488709,7.2156509681608245,2013-03-06 12:00:00
2013-03-07,7.444477612030372,7.71968567100198,7.582081641516176,2013-03-07 12:00:00
2013-03-08,7.501415094440838,7.827397845411799,7.664406469926318,2013-03-08 12:00:00
2013-03-09,7.65116822413926,8.0247239229147,7.83794607352698,2013-03-09 12:00:00
2013-03-10,7.609058823633939,8.055117415889432,7.832088119761686,2013-03-10 12:00:00
2013-03-11,7.793289473737148,8.08170560385443,7.937497538795789,2013-03-11 12:00:00
2013-03-12,8.731780821867288,8.693200779340536,8.712490800603913,2013-03-12 12:00:00
2013-03-13,9.549361702196617,9.705072757078891,9.627217229637754,2013-03-13 12:00:00
2013-03-14,10.109179104497628,10.480384959495195,10.294782031996412,2013-03-14 12:00:00
2013-03-15,10.171900826329905,10.453107773902635,10.31250430011627,2013-03-15 12:00:00
2013-03-16,10.362580645128844,10.561450162661279,10.462015403895062,2013-03-16 12:00:00
2013-03-17,9.880499999730102,10.336024965166063,10.108262482448083,2013-03-17 12:00:00
2013-03-18,9.529166667754453,10.126957520593024,9.828062094173738,2013-03-18 12:00:00
2013-03-19,9.402987012947825,9.406193793504352,9.404590403226088,2013-03-19 12:00:00
2013-03-20,8.786854951582454,9.036343035931672,8.911598993757064,2013-03-20 12:00:00
2013-03-21,8.170722890217082,8.66649227835899,8.418607584288036,2013-03-21 12:00:00
2013-03-22,7.912916666590996,8.04672566836076,7.979821167475878,2013-03-22 12:00:00
2013-03-23,7.516562500221188,7.767510268754337,7.642036384487763,2013-03-23 12:00:00
2013-03-24,7.452579365192455,7.669525674769944,7.5610525199811995,2013-03-24 12:00:00
2013-03-25,7.752697674501254,7.806513926927617,7.779605800714435,2013-03-25 12:00:00
2013-03-26,8.29762162160531,8.316744468041275,8.307183044823294,2013-03-26 12:00:00
2013-03-27,8.786122448954504,8.919760858080425,8.852941653517465,2013-03-27 12:00:00
2013-03-28,9.366717557011327,9.557550097528381,9.462133827269854,2013-03-28 12:00:00
2013-03-29,10.151043477951832,10.436156827240328,10.293600152596081,2013-03-29 12:00:00
2013-03-30,11.159572649363463,11.048510066784718,11.104041358074092,2013-03-30 12:00:00
2013-03-31,12.2009589035263,11.865563442600894,12.033261173063597,2013-03-31 12:00:00
2013-04-01,12.599189189030612,12.68261681841707,12.640903003723842,2013-04-01 12:00:00
2013-04-02,12.365607476923792,12.51163769385971,12.438622585391752,2013-04-02 12:00:00
2013-04-03,12.543823529451208,12.267403449828478,12.405613489639844,2013-04-03 12:00:00
2013-04-04,12.319577464920958,12.023169205797247,12.171373335359103,2013-04-04 12:00:00
2013-04-05,11.877692309609401,11.778934961766016,11.828313635687708,2013-04-05 12:00:00
2013-04-06,11.51757281550143,11.534700717734784,11.526136766618107,2013-04-06 12:00:00
2013-04-07,10.691271929949556,10.755472841905902,10.723372385927728,2013-04-07 12:00:00
2013-04-08,9.276215277841807,9.420098148631684,9.348156713236746,2013-04-08 12:00:00
2013-04-09,8.786620208955261,8.85843308057548,8.822526644765372,2013-04-09 12:00:00
2013-04-10,9.364680851038148,9.393006489849357,9.378843670443754,2013-04-10 12:00:00
2013-04-11,9.740822510767359,9.847866783132078,9.794344646949718,2013-04-11 12:00:00
2013-04-12,9.754193548203236,9.946683171495193,9.850438359849214,2013-04-12 12:00:00
2013-04-13,9.658755760263599,9.902040546524827,9.780398153394213,2013-04-13 12:00:00
2013-04-14,9.647669902731963,9.905117258296746,9.776393580514355,2013-04-14 12:00:00
2013-04-15,9.411521739098365,9.707356447444466,9.559439093271415,2013-04-15 12:00:00
2013-04-16,9.356015936383212,9.605904514416789,9.4809602254,2013-04-16 12:00:00
2013-04-17,9.82740310084277,9.961103920943955,9.894253510893362,2013-04-17 12:00:00
2013-04-18,10.565916030559945,10.425768347738552,10.495842189149249,2013-04-18 12:00:00
2013-04-19,10.974223107672575,10.945597118128166,10.95991011290037,2013-04-19 12:00:00
2013-04-20,10.754202334756895,10.948559849204209,10.851381091980553,2013-04-20 12:00:00
2013-04-21,11.16886956510515,11.385570791902806,11.277220178503978,2013-04-21 12:00:00
2013-04-22,11.212511627922572,11.482390316481691,11.347450972202132,2013-04-22 12:00:00
2013-04-23,11.692365591417676,11.905749918445016,11.799057754931347,2013-04-23 12:00:00
2013-04-24,11.81479999998212,12.159346864138376,11.987073432060248,2013-04-24 12:00:00
2013-04-25,12.381649484532627,,12.381649484532627,2013-04-25 12:00:00
2013-04-26,12.68014705882353,,12.68014705882353,2013-04-26 12:00:00
2013-04-27,13.286333333333333,,13.286333333333333,2013-04-27 12:00:00
2013-04-28,13.647333333333332,,13.647333333333332,2013-04-28 12:00:00
2013-04-29,13.661904761904761,,13.661904761904761,2013-04-29 12:00:00
2013-04-30,13.731379310344828,,13.731379310344828,2013-04-30 12:00:00
2013-05-01,13.264655172413791,,13.264655172413791,2013-05-01 12:00:00
2013-05-02,13.368739495798318,,13.368739495798318,2013-05-02 12:00:00
2013-05-03,13.719473684210525,14.111627132860887,13.915550408535706,2013-05-03 12:00:00
2013-05-04,14.941875,14.4437744517586,14.6928247258793,2013-05-04 12:00:00
2013-05-05,15.245000000000001,15.72983257044114,15.48741628522057,2013-05-05 12:00:00
2013-05-06,15.839845849221872,17.01589068912368,16.427868269172777,2013-05-06 12:00:00
2013-05-07,15.888724887693204,16.601047734133054,16.24488631091313,2013-05-07 12:00:00
2013-05-08,16.05854008877849,16.659221751737938,16.358880920258215,2013-05-08 12:00:00
2013-05-09,16.119713171192682,16.830735950232853,16.475224560712768,2013-05-09 12:00:00
2013-05-10,16.421166937499752,17.084277391862624,16.752722164681188,2013-05-10 12:00:00
2013-05-11,16.105648262457702,17.910085866513914,17.007867064485808,2013-05-11 12:00:00
2013-05-12,17.239216442320238,18.421572106871466,17.830394274595854,2013-05-12 12:00:00
2013-05-13,16.834510907970564,17.66931168258892,17.25191129527974,2013-05-13 12:00:00
2013-05-14,16.369519111055286,18.76142913962034,17.565474125337815,2013-05-14 12:00:00
2013-05-15,15.89299942207861,17.62693518345549,16.759967302767052,2013-05-15 12:00:00
2013-05-16,15.416479733101934,18.050801709583425,16.73364072134268,2013-05-16 12:00:00
2013-05-17,15.376639239569755,18.76943800946267,17.073038624516215,2013-05-17 12:00:00
2013-05-18,15.336798746037577,17.201697311291802,16.26924802866469,2013-05-18 12:00:00
2013-05-19,15.027887439270097,15.633956613120937,15.330922026195516,2013-05-19 12:00:00
2013-05-20,15.290601624541786,15.307619197593066,15.299110411067426,2013-05-20 12:00:00
2013-05-21,15.554556975100855,15.307619197593066,15.43108808634696,2013-05-21 12:00:00
